http://british-library.georeferencer.com/id/,path,title,link
002OSD000000001U00017000,2019_06\2019-02 Zoomify Geo - Folder 2\OSDs TIFF Versions\002OSD000000001U00017000.tif,Ashburton(002OSD000000001U00017000),http://www.bl.uk/onlinegallery/onlineex/ordsurvdraw/a/002osd000000001u00017000.html
002OSD000000001U00018000,2019_06\2019-02 Zoomify Geo - Folder 2\OSDs TIFF Versions\002OSD000000001U00018000.tif,Ashburton(002OSD000000001U00018000),http://www.bl.uk/onlinegallery/onlineex/ordsurvdraw/a/002osd000000001u00018000.html
002OSD000000004U00289000,2019_06\2019-02 Zoomify Geo - Folder 2\OSDs TIFF Versions\002OSD000000004U00289000.tif,Aberystwyth 4,http://www.bl.uk/onlinegallery/onlineex/ordsurvdraw/a/002osd000000004u00289000.html
002OSD000000004U00306000,2019_06\2019-02 Zoomify Geo - Folder 2\OSDs TIFF Versions\002OSD000000004U00306000.tif,Aberdovey,http://www.bl.uk/onlinegallery/onlineex/ordsurvdraw/a/002osd000000004u00306000.html
002OSD000000005U00341000,2019_06\2019-02 Zoomify Geo - Folder 2\OSDs TIFF Versions\002OSD000000005U00341000.tif,"Axmouth, Devon",http://www.bl.uk/onlinegallery/onlineex/ordsurvdraw/a/002osd000000005u00341000.html
002OSD000000007U00034000,2019_06\2019-02 Zoomify Geo - Folder 2\OSDs TIFF Versions\002OSD000000007U00034000.tif,Axbridge,http://www.bl.uk/onlinegallery/onlineex/ordsurvdraw/a/002osd000000007u00034000.html
002OSD000000007U00053000,2019_06\2019-02 Zoomify Geo - Folder 2\OSDs TIFF Versions\002OSD000000007U00053000.tif,Andover,http://www.bl.uk/onlinegallery/onlineex/ordsurvdraw/a/002osd000000007u00053000.html
002OSD000000007U00057000,2019_06\2019-02 Zoomify Geo - Folder 2\OSDs TIFF Versions\002OSD000000007U00057000.tif,Alresford 7,http://www.bl.uk/onlinegallery/onlineex/ordsurvdraw/a/002osd000000007u00057000.html
002OSD000000008U00060000,2019_06\2019-02 Zoomify Geo - Folder 2\OSDs TIFF Versions\002OSD000000008U00060000.tif,Arundel 8,http://www.bl.uk/onlinegallery/onlineex/ordsurvdraw/a/002osd000000008u00060000.html
002OSD000000008U00079000,2019_06\2019-02 Zoomify Geo - Folder 2\OSDs TIFF Versions\002OSD000000008U00079000.tif,Alton,http://www.bl.uk/onlinegallery/onlineex/ordsurvdraw/a/002osd000000008u00079000.html
002OSD000000009U00108000,2019_06\2019-02 Zoomify Geo - Folder 2\OSDs TIFF Versions\002OSD000000009U00108000.tif,Aylesbury,http://www.bl.uk/onlinegallery/onlineex/ordsurvdraw/a/002osd000000009u00108000.html
002OSD000000013U00244000,2019_06\2019-02 Zoomify Geo - Folder 2\OSDs TIFF Versions\002OSD000000013U00244000.tif,Alford,http://www.bl.uk/onlinegallery/onlineex/ordsurvdraw/a/002osd000000013u00244000.html
002OSD000000013U00263000,2019_06\2019-02 Zoomify Geo - Folder 2\OSDs TIFF Versions\002OSD000000013U00263000.tif,Arran Mowddy,http://www.bl.uk/onlinegallery/onlineex/ordsurvdraw/a/002osd000000013u00263000.html
002OSD000000013U00275000,2019_06\2019-02 Zoomify Geo - Folder 2\OSDs TIFF Versions\002OSD000000013U00275000.tif,Aberystwyth 13,http://www.bl.uk/onlinegallery/onlineex/ordsurvdraw/a/002osd000000013u00275000.html
002OSD000000013U00284000,2019_06\2019-02 Zoomify Geo - Folder 2\OSDs TIFF Versions\002OSD000000013U00284000.tif,Abermaw,http://www.bl.uk/onlinegallery/onlineex/ordsurvdraw/a/002osd000000013u00284000.html
002OSD000000014U00317000,2019_06\2019-02 Zoomify Geo - Folder 2\OSDs TIFF Versions\002OSD000000014U00317000.tif,Ashbourne,http://www.bl.uk/onlinegallery/onlineex/ordsurvdraw/a/002osd000000014u00317000.html
002OSD000000019U00056000,2019_06\2019-02 Zoomify Geo - Folder 2\Collection British FDRIVE One Standardised 002-000\002OSD000000019U00056000.tif,Alresford 19,http://www.bl.uk/onlinegallery/onlineex/ordsurvdraw/a/002osd000000019u00056000.html
002OSD000000022U00150000,2019_06\2019-02 Zoomify Geo - Folder 2\OSDs TIFF Versions\002OSD000000022U00150000.tif,Aberdare,http://www.bl.uk/onlinegallery/onlineex/ordsurvdraw/a/002osd000000022u00150000.html
002OSD000000022U00152000,2019_06\2019-02 Zoomify Geo - Folder 2\OSDs TIFF Versions\002OSD000000022U00152000.tif,Abergavenny,http://www.bl.uk/onlinegallery/onlineex/ordsurvdraw/a/002osd000000022u00152000.html
002OSD00000027BU00442000,2019_06\2019-02 Zoomify Geo - Folder 2\OSDs TIFF Versions\002OSD00000027BU00442000.tif,Addington (Kent),http://www.bl.uk/onlinegallery/onlineex/ordsurvdraw/a/002osd00000027bu00442000.html
002OSD000000001U00030000,2019_06\2019-02 Zoomify Geo - Folder 2\OSDs TIFF Versions\002OSD000000001U00030000.tif,Bovey Tracey,http://www.bl.uk/onlinegallery/onlineex/ordsurvdraw/b/002osd000000001u00030000.html
002OSD000000001U00045000,2019_06\2019-02 Zoomify Geo - Folder 2\OSDs TIFF Versions\002OSD000000001U00045000.tif,Bath 1,http://www.bl.uk/onlinegallery/onlineex/ordsurvdraw/b/002osd000000001u00045000.html
002OSD000000001U00058000,2019_06\2019-02 Zoomify Geo - Folder 2\OSDs TIFF Versions\002OSD000000001U00058000.tif,"Bishop's Waltham, Southampton",http://www.bl.uk/onlinegallery/onlineex/ordsurvdraw/b/002osd000000001u00058000.html
002OSD000000003U00148000,2019_06\2019-02 Zoomify Geo - Folder 2\OSDs TIFF Versions\002OSD000000003U00148000.tif,Brecknock,http://www.bl.uk/onlinegallery/onlineex/ordsurvdraw/b/002osd000000003u00148000.html
002OSD000000003U00151000,2019_06\2019-02 Zoomify Geo - Folder 2\OSDs TIFF Versions\002OSD000000003U00151000.tif,Bedwas,http://www.bl.uk/onlinegallery/onlineex/ordsurvdraw/b/002osd000000003u00151000.html
002OSD000000003U00183000,2019_06\2019-02 Zoomify Geo - Folder 2\OSDs TIFF Versions\002OSD000000003U00183000.tif,Barford St. John,http://www.bl.uk/onlinegallery/onlineex/ordsurvdraw/b/002osd000000003u00183000.html
002OSD000000003U00184000,2019_06\2019-02 Zoomify Geo - Folder 2\OSDs TIFF Versions\002OSD000000003U00184000.tif,Banbury,http://www.bl.uk/onlinegallery/onlineex/ordsurvdraw/b/002osd000000003u00184000.html
002OSD000000003U00197000,2019_06\2019-02 Zoomify Geo - Folder 2\OSDs TIFF Versions\002OSD000000003U00197000.tif,Bury St. Edmunds,http://www.bl.uk/onlinegallery/onlineex/ordsurvdraw/b/002osd000000003u00197000.html
002OSD000000004U00287000,2019_06\2019-02 Zoomify Geo - Folder 2\OSDs TIFF Versions\002OSD000000004U00287000.tif,Bodferry,http://www.bl.uk/onlinegallery/onlineex/ordsurvdraw/b/002osd000000004u00287000.html
002OSD000000004U00294000,2019_06\2019-02 Zoomify Geo - Folder 2\OSDs TIFF Versions\002OSD000000004U00294000.tif,Betley,http://www.bl.uk/onlinegallery/onlineex/ordsurvdraw/b/002osd000000004u00294000.html
002osd000000004u00314000,2019_06\2019-02 Zoomify Geo - Folder 2\OSDs TIFF Versions\002OSD000000004U00314000.tif,Birkenhead,http://www.bl.uk/onlinegallery/onlineex/ordsurvdraw/b/002osd000000004u00314000.html
002OSD000000006U00384000,2019_06\2019-02 Zoomify Geo - Folder 2\OSDs TIFF Versions\002OSD000000006U00384000.tif,Bromley (Kent),http://www.bl.uk/onlinegallery/onlineex/ordsurvdraw/b/002osd000000006u00384000.html
002OSD000000006U00388000,2019_06\2019-02 Zoomify Geo - Folder 2\OSDs TIFF Versions\002OSD000000006U00388000.tif,"Barking, Essex",http://www.bl.uk/onlinegallery/onlineex/ordsurvdraw/b/002osd000000006u00388000.html
002OSD000000007U00033000,2019_06\2019-02 Zoomify Geo - Folder 2\OSDs TIFF Versions\002OSD000000007U00033000.tif,Bedminster,http://www.bl.uk/onlinegallery/onlineex/ordsurvdraw/b/002osd000000007u00033000.html
002OSD000000007U00039000,2019_06\2019-02 Zoomify Geo - Folder 2\OSDs TIFF Versions\002OSD000000007U00039000.tif,Beaminster,http://www.bl.uk/onlinegallery/onlineex/ordsurvdraw/b/002osd000000007u00039000.html
002OSD000000007U00046000,2019_06\2019-02 Zoomify Geo - Folder 2\OSDs TIFF Versions\002OSD000000007U00046000.tif,"Bradford, Wiltshire",http://www.bl.uk/onlinegallery/onlineex/ordsurvdraw/b/002osd000000007u00046000.html
002OSD000000007U00049000,2019_06\2019-02 Zoomify Geo - Folder 2\OSDs TIFF Versions\002OSD000000007U00049000.tif,Berwick St. John,http://www.bl.uk/onlinegallery/onlineex/ordsurvdraw/b/002osd000000007u00049000.html
002OSD000000008U00078000,2019_06\2019-02 Zoomify Geo - Folder 2\OSDs TIFF Versions\002OSD000000008U00078000.tif,Bentworth,http://www.bl.uk/onlinegallery/onlineex/ordsurvdraw/b/002osd000000008u00078000.html
002OSD000000008U00085000,2019_06\2019-02 Zoomify Geo - Folder 2\OSDs TIFF Versions\002OSD000000008U00085000.tif,"Brentwood, Essex",http://www.bl.uk/onlinegallery/onlineex/ordsurvdraw/b/002osd000000008u00085000.html
002OSD000000009U00093000,2019_06\2019-02 Zoomify Geo - Folder 2\OSDs TIFF Versions\002OSD000000009U00093000.tif,Buntingford,http://www.bl.uk/onlinegallery/onlineex/ordsurvdraw/b/002osd000000009u00093000.html
002OSD000000009U00099000,2019_06\2019-02 Zoomify Geo - Folder 2\OSDs TIFF Versions\002OSD000000009U00099000.tif,Baldock,http://www.bl.uk/onlinegallery/onlineex/ordsurvdraw/b/002osd000000009u00099000.html
002OSD000000009U00114000,2019_06\2019-02 Zoomify Geo - Folder 2\OSDs TIFF Versions\002OSD000000009U00114000.tif,Bampton,http://www.bl.uk/onlinegallery/onlineex/ordsurvdraw/b/002osd000000009u00114000.html
002OSD000000009U00126000,2019_06\2019-02 Zoomify Geo - Folder 2\OSDs TIFF Versions\002OSD000000009U00126000.tif,Bristol 9,http://www.bl.uk/onlinegallery/onlineex/ordsurvdraw/b/002osd000000009u00126000.html
002OSD000000010U00172000,2019_06\2019-02 Zoomify Geo - Folder 2\OSDs TIFF Versions\002OSD000000010U00172000.tif,Bridgenorth,http://www.bl.uk/onlinegallery/onlineex/ordsurvdraw/b/002osd000000010u00172000.html
002OSD000000012U00222000,2019_06\2019-02 Zoomify Geo - Folder 2\OSDs TIFF Versions\002OSD000000012U00222000.tif,Burton Overy,http://www.bl.uk/onlinegallery/onlineex/ordsurvdraw/b/002osd000000012u00222000.html
002osd000000012u00235000,2019_06\2019-02 Zoomify Geo - Folder 2\OSDs TIFF Versions\002OSD000000012U00235000.tif,Boston,http://www.bl.uk/onlinegallery/onlineex/ordsurvdraw/b/002osd000000012u00235000.html
002OSD000000013U00249000,2019_06\2019-02 Zoomify Geo - Folder 2\OSDs TIFF Versions\002OSD000000013U00249000.tif,Brigg,http://www.bl.uk/onlinegallery/onlineex/ordsurvdraw/b/002osd000000013u00249000.html
002OSD000000013U00264000,2019_06\2019-02 Zoomify Geo - Folder 2\OSDs TIFF Versions\002OSD000000013U00264000.tif,Bala,http://www.bl.uk/onlinegallery/onlineex/ordsurvdraw/b/002osd000000013u00264000.html
002OSD000000015U00371000,2019_06\2019-02 Zoomify Geo - Folder 2\OSDs TIFF Versions\002OSD000000015U00371000.tif,"Boughton Street, Kent(002OSD000000015U00371000)",http://www.bl.uk/onlinegallery/onlineex/ordsurvdraw/b/002osd000000015u00371000.html
002OSD000000015U00372000,2019_06\2019-02 Zoomify Geo - Folder 2\OSDs TIFF Versions\002OSD000000015U00372000.tif,"Boughton Street, Kent(002OSD000000015U00372000)",http://www.bl.uk/onlinegallery/onlineex/ordsurvdraw/b/002osd000000015u00372000.html
002OSD000000015U00374000,2019_06\2019-02 Zoomify Geo - Folder 2\OSDs TIFF Versions\002OSD000000015U00374000.tif,"Bishopsbourne, Kent",http://www.bl.uk/onlinegallery/onlineex/ordsurvdraw/b/002osd000000015u00374000.html
002OSD000000016U00350000,2019_06\2019-02 Zoomify Geo - Folder 2\OSDs TIFF Versions\002OSD000000016U00350000.tif,Beddlested (Kent),http://www.bl.uk/onlinegallery/onlineex/ordsurvdraw/b/002osd000000016u00350000.html
002OSD000000017U00335000,2019_06\2019-02 Zoomify Geo - Folder 2\Collection British FDRIVE One Standardised 002-003\002OSD000000017U00335000.tif,Bridgewater,http://www.bl.uk/onlinegallery/onlineex/ordsurvdraw/b/002osd000000017u00335000.html
002OSD000000018U00007000,2019_06\2019-02 Zoomify Geo - Folder 2\OSDs TIFF Versions\002OSD000000018U00007000.tif,"Bodmin, Cornwall",http://www.bl.uk/onlinegallery/onlineex/ordsurvdraw/b/002osd000000018u00007000.html
002OSD000000018U00024000,2019_06\2019-02 Zoomify Geo - Folder 2\OSDs TIFF Versions\002OSD000000018U00024000.tif,"Barnstaple, Devon",http://www.bl.uk/onlinegallery/onlineex/ordsurvdraw/b/002osd000000018u00024000.html
002OSD000000019U00040000,2019_06\2019-02 Zoomify Geo - Folder 2\OSDs TIFF Versions\002OSD000000019U00040000.tif,Bridport,http://www.bl.uk/onlinegallery/onlineex/ordsurvdraw/b/002osd000000019u00040000.html
002OSD000000020U00116000,2019_06\2019-02 Zoomify Geo - Folder 2\OSDs TIFF Versions\002OSD000000020U00116000.tif,Burford,http://www.bl.uk/onlinegallery/onlineex/ordsurvdraw/b/002osd000000020u00116000.html
002osd000000020u00168000,2019_06\2019_06 Missing Dezoomify\002osd000000020_00168000.jpg,Broad Hinton and Avebury,http://www.bl.uk/onlinegallery/onlineex/ordsurvdraw/b/002osd000000020u00168000.html
002osd000000020u00205000,2019_06\2019_06 Missing Dezoomify\002OSD000000020U00205000.jpg,Bromyard,http://www.bl.uk/onlinegallery/onlineex/ordsurvdraw/b/002osd000000020u00205000.html
002OSD000000020U00205000,2019_06\2019_06 Missing Dezoomify\002OSD000000020U00205000.jpg,Bromyard,http://www.bl.uk/onlinegallery/onlineex/ordsurvdraw/b/002osd000000020u00205000.html
002osd000000020u00237000,2019_06\2019_06 Missing Dezoomify\002osd000000020_00237000.jpg,Bury St Edmunds,http://www.bl.uk/onlinegallery/onlineex/ordsurvdraw/b/002osd000000020u00237000.html
002OSD000000021U00134000,2019_06\2019-02 Zoomify Geo - Folder 2\OSDs TIFF Versions\002OSD000000021U00134000.tif,Bridgend,http://www.bl.uk/onlinegallery/onlineex/ordsurvdraw/b/002osd000000021u00134000.html
002OSD000000022U00154000,2019_06\2019-02 Zoomify Geo - Folder 2\OSDs TIFF Versions\002OSD000000022U00154000.tif,Baulit,http://www.bl.uk/onlinegallery/onlineex/ordsurvdraw/b/002osd000000022u00154000.html
002OSD000000022U00158000,2019_06\2019-02 Zoomify Geo - Folder 2\OSDs TIFF Versions\002OSD000000022U00158000.tif,Bishop's Castle,http://www.bl.uk/onlinegallery/onlineex/ordsurvdraw/b/002osd000000022u00158000.html
002OSD000000022U00182000,2019_06\2019-02 Zoomify Geo - Folder 2\OSDs TIFF Versions\002OSD000000022U00182000.tif,Bicester,http://www.bl.uk/onlinegallery/onlineex/ordsurvdraw/b/002osd000000022u00182000.html
002OSD000000023U00192000,2019_06\2019-02 Zoomify Geo - Folder 2\OSDs TIFF Versions\002OSD000000023U00192000.tif,Bedford,http://www.bl.uk/onlinegallery/onlineex/ordsurvdraw/b/002osd000000023u00192000.html
002OSD000000024U00216000,2019_06\2019-02 Zoomify Geo - Folder 2\OSDs TIFF Versions\002OSD000000024U00216000.tif,Birmingham 24,http://www.bl.uk/onlinegallery/onlineex/ordsurvdraw/b/002osd000000024u00216000.html
002OSD000000025U00271000,2019_06\2019-02 Zoomify Geo - Folder 2\OSDs TIFF Versions\002OSD000000025U00271000.tif,Builth,http://www.bl.uk/onlinegallery/onlineex/ordsurvdraw/b/002osd000000025u00271000.html
002OSD00000027BU00436000,2019_06\2019-02 Zoomify Geo - Folder 2\OSDs TIFF Versions\002OSD00000027BU00436000.tif,"Bearsted, Kent",http://www.bl.uk/onlinegallery/onlineex/ordsurvdraw/b/002osd00000027bu00436000.html
002OSD00000027BU00439000,2019_06\2019-02 Zoomify Geo - Folder 2\OSDs TIFF Versions\002OSD00000027BU00439000.tif,"Boxley, Kent",http://www.bl.uk/onlinegallery/onlineex/ordsurvdraw/b/002osd00000027bu00439000.html
002ADD000034145U00000000,2019_06\2019-02 Zoomify Geo - Folder 2\Collection British FDRIVE One Standardised 002-000\002ADD000034145U00000000.tif,"Copy of a Survey of the Island of Jersey, taken by order of his Grace the Duke of Richmond, Master-General of the Ordnance",http://www.bl.uk/onlinegallery/onlineex/ordsurvdraw/c/002add000034145u00000000.html
002OSD000000001U00009000,2019_06\2019-02 Zoomify Geo - Folder 2\OSDs TIFF Versions\002OSD000000001U00009000.tif,"Camelford, Cornwall  (002OSD000000001U00009000)",http://www.bl.uk/onlinegallery/onlineex/ordsurvdraw/c/002osd000000001u00009000.html
002OSD000000001U00010000,2019_06\2019-02 Zoomify Geo - Folder 2\OSDs TIFF Versions\002OSD000000001U00010000.tif,"Camelford, Cornwall  (002OSD000000001U00010000)",http://www.bl.uk/onlinegallery/onlineex/ordsurvdraw/c/002osd000000001u00010000.html
002OSD000000002U00063000,2019_06\2019-02 Zoomify Geo - Folder 2\OSDs TIFF Versions\002OSD000000002U00063000.tif,Chiddingfold,http://www.bl.uk/onlinegallery/onlineex/ordsurvdraw/c/002osd000000002u00063000.html
002OSD000000002U00065000,2019_06\2019-02 Zoomify Geo - Folder 2\OSDs TIFF Versions\002OSD000000002U00065000.tif,Chobham,http://www.bl.uk/onlinegallery/onlineex/ordsurvdraw/c/002osd000000002u00065000.html
002OSD000000005U00323000,2019_06\2019-02 Zoomify Geo - Folder 2\OSDs TIFF Versions\002OSD000000005U00323000.tif,"Callington, Cornwall",http://www.bl.uk/onlinegallery/onlineex/ordsurvdraw/c/002osd000000005u00323000.html
002OSD000000005U00327000,2019_06\2019-02 Zoomify Geo - Folder 2\OSDs TIFF Versions\002OSD000000005U00327000.tif,"Cullompton, Devon",http://www.bl.uk/onlinegallery/onlineex/ordsurvdraw/c/002osd000000005u00327000.html
002OSD000000006U00370000,2019_06\2019-02 Zoomify Geo - Folder 2\OSDs TIFF Versions\002OSD000000006U00370000.tif,"Canterbury, Kent",http://www.bl.uk/onlinegallery/onlineex/ordsurvdraw/c/002osd000000006u00370000.html
002OSD000000006U00379000,2019_06\2019-02 Zoomify Geo - Folder 2\OSDs TIFF Versions\002OSD000000006U00379000.tif,"Chilham, Kent 6",http://www.bl.uk/onlinegallery/onlineex/ordsurvdraw/c/002osd000000006u00379000.html
002OSD000000006U00381000,2019_06\2019-02 Zoomify Geo - Folder 2\OSDs TIFF Versions\002OSD000000006U00381000.tif,"Challock, Kent",http://www.bl.uk/onlinegallery/onlineex/ordsurvdraw/c/002osd000000006u00381000.html
002OSD000000008U00076000,2019_06\2019-02 Zoomify Geo - Folder 2\OSDs TIFF Versions\002OSD000000008U00076000.tif,Croydon,http://www.bl.uk/onlinegallery/onlineex/ordsurvdraw/c/002osd000000008u00076000.html
002OSD000000008U00088000,2019_06\2019-02 Zoomify Geo - Folder 2\OSDs TIFF Versions\002OSD000000008U00088000.tif,Chelmsford 8,http://www.bl.uk/onlinegallery/onlineex/ordsurvdraw/c/002osd000000008u00088000.html
002OSD000000009U00103000,2019_06\2019-02 Zoomify Geo - Folder 2\OSDs TIFF Versions\002OSD000000009U00103000.tif,Chipping Barnet,http://www.bl.uk/onlinegallery/onlineex/ordsurvdraw/c/002osd000000009u00103000.html
002OSD000000009U00125000,2019_06\2019-02 Zoomify Geo - Folder 2\OSDs TIFF Versions\002OSD000000009U00125000.tif,Chipping Sodbury,http://www.bl.uk/onlinegallery/onlineex/ordsurvdraw/c/002osd000000009u00125000.html
002OSD000000010U00128000,2019_06\2019-02 Zoomify Geo - Folder 2\OSDs TIFF Versions\002OSD000000010U00128000.tif,Cheltenham,http://www.bl.uk/onlinegallery/onlineex/ordsurvdraw/c/002osd000000010u00128000.html
002OSD000000010U00136000,2019_06\2019-02 Zoomify Geo - Folder 2\OSDs TIFF Versions\002OSD000000010U00136000.tif,Carmarthen(002OSD000000010U00136000),http://www.bl.uk/onlinegallery/onlineex/ordsurvdraw/c/002osd000000010u00136000.html
002OSD000000010U00137000,2019_06\2019-02 Zoomify Geo - Folder 2\OSDs TIFF Versions\002OSD000000010U00137000.tif,Carmarthen(002OSD000000010U00137000),http://www.bl.uk/onlinegallery/onlineex/ordsurvdraw/c/002osd000000010u00137000.html
002OSD000000010U00142000,2019_06\2019-02 Zoomify Geo - Folder 2\OSDs TIFF Versions\002OSD000000010U00142000.tif,Cardigan,http://www.bl.uk/onlinegallery/onlineex/ordsurvdraw/c/002osd000000010u00142000.html
002OSD000000011U00180000,2019_06\2019-02 Zoomify Geo - Folder 2\OSDs TIFF Versions\002OSD000000011U00180000.tif,Chipping Camden,http://www.bl.uk/onlinegallery/onlineex/ordsurvdraw/c/002osd000000011u00180000.html
002OSD000000011U00206000,2019_06\2019-02 Zoomify Geo - Folder 2\OSDs TIFF Versions\002OSD000000011U00206000.tif,Castle Rising,http://www.bl.uk/onlinegallery/onlineex/ordsurvdraw/c/002osd000000011u00206000.html
002OSD000000012U00226000,2019_06\2019-02 Zoomify Geo - Folder 2\OSDs TIFF Versions\002OSD000000012U00226000.tif,Corby,http://www.bl.uk/onlinegallery/onlineex/ordsurvdraw/c/002osd000000012u00226000.html
002OSD000000013U00283000,2019_06\2019-02 Zoomify Geo - Folder 2\OSDs TIFF Versions\002OSD000000013U00283000.tif,Cader Idris,http://www.bl.uk/onlinegallery/onlineex/ordsurvdraw/c/002osd000000013u00283000.html
002OSD000000014U00292000,2019_06\2019-02 Zoomify Geo - Folder 2\OSDs TIFF Versions\002OSD000000014U00292000.tif,Combermere,http://www.bl.uk/onlinegallery/onlineex/ordsurvdraw/c/002osd000000014u00292000.html
002OSD000000014U00299000,2019_06\2019-02 Zoomify Geo - Folder 2\OSDs TIFF Versions\002OSD000000014U00299000.tif,Chartley Park,http://www.bl.uk/onlinegallery/onlineex/ordsurvdraw/c/002osd000000014u00299000.html
002OSD000000014U00316000,2019_06\2019-02 Zoomify Geo - Folder 2\OSDs TIFF Versions\002OSD000000014U00316000.tif,Cheadle,http://www.bl.uk/onlinegallery/onlineex/ordsurvdraw/c/002osd000000014u00316000.html
002OSD000000015U00343000,2019_06\2019-02 Zoomify Geo - Folder 2\OSDs TIFF Versions\002OSD000000015U00343000.tif,Christchurch,http://www.bl.uk/onlinegallery/onlineex/ordsurvdraw/c/002osd000000015u00343000.html
002OSD000000016U00331000,2019_06\2019-02 Zoomify Geo - Folder 2\OSDs TIFF Versions\002OSD000000016U00331000.tif,Cullompton,http://www.bl.uk/onlinegallery/onlineex/ordsurvdraw/c/002osd000000016u00331000.html
002OSD000000016U00346000,2019_06\2019-02 Zoomify Geo - Folder 2\OSDs TIFF Versions\002OSD000000016U00346000.tif,Cuckfield 16,http://www.bl.uk/onlinegallery/onlineex/ordsurvdraw/c/002osd000000016u00346000.html
002OSD000000016U00358000,2019_06\2019-02 Zoomify Geo - Folder 2\Collection British FDRIVE One Standardised 002-003\002OSD000000016U00358000.tif,Cranbrook (Kent),http://www.bl.uk/onlinegallery/onlineex/ordsurvdraw/c/002osd000000016u00358000.html
002OSD000000017U00367000,2019_06\2019-02 Zoomify Geo - Folder 2\OSDs TIFF Versions\002OSD000000017U00367000.tif,Canterbury (Kent),http://www.bl.uk/onlinegallery/onlineex/ordsurvdraw/c/002osd000000017u00367000.html
002OSD000000017U00375000,2019_06\2019-02 Zoomify Geo - Folder 2\OSDs TIFF Versions\002OSD000000017U00375000.tif,"Charing, Kent(002OSD000000017U00375000)",http://www.bl.uk/onlinegallery/onlineex/ordsurvdraw/c/002osd000000017u00375000.html
002OSD000000017U00376000,2019_06\2019_06 Missing\002OSD000000017_00376000.tif,"Charing, Kent(002OSD000000017U00376000)",http://www.bl.uk/onlinegallery/onlineex/ordsurvdraw/c/002osd000000017u00376000.html
002OSD000000017U00377000,2019_06\2019_06 Missing\002OSD000000017_00377000.tif,"Charing, Kent(002OSD000000017U00377000)",http://www.bl.uk/onlinegallery/onlineex/ordsurvdraw/c/002osd000000017u00377000.html
002OSD000000019U00029000,2019_06\2019-02 Zoomify Geo - Folder 2\OSDs TIFF Versions\002OSD000000019U00029000.tif,Crediton,http://www.bl.uk/onlinegallery/onlineex/ordsurvdraw/c/002osd000000019u00029000.html
002OSD000000021U00147000,2019_06\2019-02 Zoomify Geo - Folder 2\OSDs TIFF Versions\002OSD000000021U00147000.tif,Llandovery(002OSD000000021U00147000),http://www.bl.uk/onlinegallery/onlineex/ordsurvdraw/c/002osd000000019u00029000.html
002OSD000000019U00050000,2019_06\2019-02 Zoomify Geo - Folder 2\OSDs TIFF Versions\002OSD000000019U00050000.tif,Cranborne,http://www.bl.uk/onlinegallery/onlineex/ordsurvdraw/c/002osd000000019u00050000.html
002OSD000000020U00117000,2019_06\2019-02 Zoomify Geo - Folder 2\OSDs TIFF Versions\002OSD000000020U00117000.tif,Cirencester(002OSD000000020U00117000),http://www.bl.uk/onlinegallery/onlineex/ordsurvdraw/c/002osd000000020u00117000.html
002OSD000000020U00118000,2019_06\2019-02 Zoomify Geo - Folder 2\OSDs TIFF Versions\002OSD000000020U00118000.tif,Cirencester(002OSD000000020U00118000),http://www.bl.uk/onlinegallery/onlineex/ordsurvdraw/c/002osd000000020u00118000.html
002OSD000000020U00120000,2019_06\2019-02 Zoomify Geo - Folder 2\OSDs TIFF Versions\002OSD000000020U00120000.tif,Cricklade,http://www.bl.uk/onlinegallery/onlineex/ordsurvdraw/c/002osd000000020u00120000.html
002OSD000000021U00131000,2019_06\2019-02 Zoomify Geo - Folder 2\OSDs TIFF Versions\002OSD000000021U00131000.tif,Chepstow,http://www.bl.uk/onlinegallery/onlineex/ordsurvdraw/c/002osd000000021u00131000.html
002OSD000000022U00165000,2019_06\2019-02 Zoomify Geo - Folder 2\OSDs TIFF Versions\002OSD000000022U00165000.tif,Cleobury Mortimer,http://www.bl.uk/onlinegallery/onlineex/ordsurvdraw/c/002osd000000022u00165000.html
002OSD000000023U00195000,2019_06\2019-02 Zoomify Geo - Folder 2\OSDs TIFF Versions\002OSD000000023U00195000.tif,Cambridge 23,http://www.bl.uk/onlinegallery/onlineex/ordsurvdraw/c/002osd000000023u00195000.html
002OSD000000023U00243000,2019_06\2019-02 Zoomify Geo - Folder 2\OSDs TIFF Versions\002OSD000000023U00243000.tif,Cromer,http://www.bl.uk/onlinegallery/onlineex/ordsurvdraw/c/002osd000000023u00243000.html
002OSD000000025U00256000,2019_06\2019-02 Zoomify Geo - Folder 2\OSDs TIFF Versions\002OSD000000025U00256000.tif,Crowle,http://www.bl.uk/onlinegallery/onlineex/ordsurvdraw/c/002osd000000025u00256000.html
002OSD000000025U00265000,2019_06\2019-02 Zoomify Geo - Folder 2\OSDs TIFF Versions\002OSD000000025U00265000.tif,Cernioge Inn,http://www.bl.uk/onlinegallery/onlineex/ordsurvdraw/c/002osd000000025u00265000.html
002OSD000000025U00266000,2019_06\2019-02 Zoomify Geo - Folder 2\OSDs TIFF Versions\002OSD000000025U00266000.tif,Caernarvon,http://www.bl.uk/onlinegallery/onlineex/ordsurvdraw/c/002osd000000025u00266000.html
002OSD000000025U00268000,2019_06\2019-02 Zoomify Geo - Folder 2\OSDs TIFF Versions\002OSD000000025U00268000.tif,Capel Bettws,http://www.bl.uk/onlinegallery/onlineex/ordsurvdraw/c/002osd000000025u00268000.html
002OSD000000025U00273000,2019_06\2019-02 Zoomify Geo - Folder 2\OSDs TIFF Versions\002OSD000000025U00273000.tif,Conway,http://www.bl.uk/onlinegallery/onlineex/ordsurvdraw/c/002osd000000025u00273000.html
002OSD000000026U00280000,2019_06\2019-02 Zoomify Geo - Folder 2\OSDs TIFF Versions\002OSD000000026U00280000.tif,Chester 26,http://www.bl.uk/onlinegallery/onlineex/ordsurvdraw/c/002osd000000026u00280000.html
002OSD000000026U00309000,2019_06\2019-02 Zoomify Geo - Folder 2\OSDs TIFF Versions\002OSD000000026U00309000.tif,Cyrn y Brain,http://www.bl.uk/onlinegallery/onlineex/ordsurvdraw/c/002osd000000026u00309000.html
002OSD00000027AU00426000,2019_06\2019-02 Zoomify Geo - Folder 2\OSDs TIFF Versions\002OSD00000027AU00426000.tif,Cowes 27A,http://www.bl.uk/onlinegallery/onlineex/ordsurvdraw/c/002osd00000027au00426000.html
002OSD00000027BU00446000,2019_06\2019-02 Zoomify Geo - Folder 2\OSDs TIFF Versions\002OSD00000027BU00446000.tif,"Cobham, Kent",http://www.bl.uk/onlinegallery/onlineex/ordsurvdraw/c/002osd00000027bu00446000.html
002OSD000000001U00016000,2019_06\2019-02 Zoomify Geo - Folder 2\OSDs TIFF Versions\002OSD000000001U00016000.tif,"Dartmoor Prison, Devon",http://www.bl.uk/onlinegallery/onlineex/ordsurvdraw/d/002osd000000001u00016000.html
002OSD000000002U00071000,2019_06\2019-02 Zoomify Geo - Folder 2\OSDs TIFF Versions\002OSD000000002U00071000.tif,Ditchling,http://www.bl.uk/onlinegallery/onlineex/ordsurvdraw/d/002osd000000002u00071000.html
002OSD000000003U002270D1,2019_06\2019-02 Zoomify Geo - Folder 2\Collection British FDRIVE One Standardised 002-002\002OSD000000003U002270D1.tif,"Detail from OSD 267 pt.1 (Oakham, Boyce), detail showing Burley Park.",http://www.bl.uk/onlinegallery/onlineex/ordsurvdraw/d/002osd000000003u002270d1.html
002OSD000000006U00362000,2019_06\2019-02 Zoomify Geo - Folder 2\OSDs TIFF Versions\002OSD000000006U00362000.tif,Dungeness (Kent),http://www.bl.uk/onlinegallery/onlineex/ordsurvdraw/d/002osd000000006u00362000.html
002OSD000000006U00389000,2019_06\2019-02 Zoomify Geo - Folder 2\OSDs TIFF Versions\002OSD000000006U00389000.tif,Dagenham,http://www.bl.uk/onlinegallery/onlineex/ordsurvdraw/d/002osd000000006u00389000.html
002OSD000000007U00042000,2019_06\2019-02 Zoomify Geo - Folder 2\OSDs TIFF Versions\002OSD000000007U00042000.tif,Dorchester,http://www.bl.uk/onlinegallery/onlineex/ordsurvdraw/d/002osd000000007u00042000.html
002OSD000000012U00214000,2019_06\2019-02 Zoomify Geo - Folder 2\OSDs TIFF Versions\002OSD000000012U00214000.tif,Daventry,http://www.bl.uk/onlinegallery/onlineex/ordsurvdraw/d/002osd000000012u00214000.html
002OSD000000014U003000D1,2019_06\2019-02 Zoomify Geo - Folder 2\Collection British FDRIVE One Standardised 002-003\002OSD000000014U003000D1.tif,"Detail from OSD,334 (Sudbury Park), showing Sudbury Hall",http://www.bl.uk/onlinegallery/onlineex/ordsurvdraw/d/002osd000000014u003000d1.html
002OSD000000015U00385000,2019_06\2019-02 Zoomify Geo - Folder 2\OSDs TIFF Versions\002OSD000000015U00385000.tif,"Dartford, Kent",http://www.bl.uk/onlinegallery/onlineex/ordsurvdraw/d/002osd000000015u00385000.html
002OSD000000016U00333000,2019_06\2019-02 Zoomify Geo - Folder 2\OSDs TIFF Versions\002OSD000000016U00333000.tif,Dunster,http://www.bl.uk/onlinegallery/onlineex/ordsurvdraw/d/002osd000000016u00333000.html
002OSD000000017U00365000,2019_06\2019-02 Zoomify Geo - Folder 2\OSDs TIFF Versions\002OSD000000017U00365000.tif,Dover (Kent),http://www.bl.uk/onlinegallery/onlineex/ordsurvdraw/d/002osd000000017u00365000.html
002OSD000000018U00015000,2019_06\2019-02 Zoomify Geo - Folder 2\OSDs TIFF Versions\002OSD000000018U00015000.tif,"Dartmoor, Devon",http://www.bl.uk/onlinegallery/onlineex/ordsurvdraw/d/002osd000000018u00015000.html
002OSD000000020U000830D1,2019_06\2019-02 Zoomify Geo - Folder 2\Collection British FDRIVE One Standardised 002-000\002OSD000000020U000830D1.tif,"Detail from OSD 127 (Hampton Court), showing Kingston, Richmond and Twickenham",http://www.bl.uk/onlinegallery/onlineex/ordsurvdraw/d/002osd000000020u000830d1.html
002OSD000000020U000830D2,2019_06\2019-02 Zoomify Geo - Folder 2\Collection British FDRIVE One Standardised 002-000\002OSD000000020U000830D2.tif,Detail from OSD 127 (Hampton Court),http://www.bl.uk/onlinegallery/onlineex/ordsurvdraw/d/002osd000000020u000830d2.html
002OSD000000020U001040D1,2019_06\2019-02 Zoomify Geo - Folder 2\Collection British FDRIVE One Standardised 002-001\002OSD000000020U001040D1.tif,Detail from OSD 152 (Hampstead),http://www.bl.uk/onlinegallery/onlineex/ordsurvdraw/d/002osd000000020u001040d1.html
002OSD000000023U001910D1,2019_06\2019-02 Zoomify Geo - Folder 2\Collection British FDRIVE One Standardised 002-001\002OSD000000023U001910D1.tif,Detail from OSD 232 (Woburn),http://www.bl.uk/onlinegallery/onlineex/ordsurvdraw/d/002osd000000023u001910d1.html
002OSD000000027U003960D1,2019_06\2019-02 Zoomify Geo - Folder 2\Collection British FDRIVE One Standardised 002-003\002OSD000000027U003960D1.tif,"Detail from OSD 2, Mounts Bay, Cornwall. Showing gun emplacements on St. Michael's Mount.",http://www.bl.uk/onlinegallery/onlineex/ordsurvdraw/d/002osd000000027u003960d1.html
002OSD00000027AU00428000,2019_06\2019-02 Zoomify Geo - Folder 2\OSDs TIFF Versions\002OSD00000027AU00428000.tif,"Doddington, Kent(002OSD00000027AU00428000)",http://www.bl.uk/onlinegallery/onlineex/ordsurvdraw/d/002osd00000027au00428000.html
002OSD00000027AU00429000,2019_06\2019-02 Zoomify Geo - Folder 2\OSDs TIFF Versions\002OSD00000027AU00429000.tif,"Doddington, Kent(002OSD00000027AU00429000)",http://www.bl.uk/onlinegallery/onlineex/ordsurvdraw/d/002osd00000027au00429000.html
002OSD00000027AU00431000,2019_06\2019-02 Zoomify Geo - Folder 2\OSDs TIFF Versions\002OSD00000027AU00431000.tif,"Doddington, Kent(002OSD00000027AU00431000)",http://www.bl.uk/onlinegallery/onlineex/ordsurvdraw/d/002osd00000027au00431000.html
002OSD000000002U00011100,2019_06\2019-02 Zoomify Geo - Folder 2\OSDs TIFF Versions\002OSD000000002U00011100.tif,East Ilsley,http://www.bl.uk/onlinegallery/onlineex/ordsurvdraw/e/002osd000000002u00011100.html
002OSD000000002U00012200,2019_06\2019-02 Zoomify Geo - Folder 2\OSDs TIFF Versions\002OSD000000002U00012200.tif,The Turnpike Road From Marlborough To Hungerford,http://www.bl.uk/onlinegallery/onlineex/ordsurvdraw/e/002osd000000002u00011100.html
002OSD000000002U00072000,2019_06\2019-02 Zoomify Geo - Folder 2\OSDs TIFF Versions\002OSD000000002U00072000.tif,Eridge Park,http://www.bl.uk/onlinegallery/onlineex/ordsurvdraw/e/002osd000000002u00072000.html
002OSD000000002U00074000,2019_06\2019-02 Zoomify Geo - Folder 2\OSDs TIFF Versions\002OSD000000002U00074000.tif,Eastbourne 2,http://www.bl.uk/onlinegallery/onlineex/ordsurvdraw/e/002osd000000002u00074000.html
002OSD000000005U00328000,2019_06\2019-02 Zoomify Geo - Folder 2\OSDs TIFF Versions\002OSD000000005U00328000.tif,Exeter,http://www.bl.uk/onlinegallery/onlineex/ordsurvdraw/e/002osd000000005u00328000.html
002OSD000000006U00369000,2019_06\2019-02 Zoomify Geo - Folder 2\OSDs TIFF Versions\002OSD000000006U00369000.tif,Ellham (Kent),http://www.bl.uk/onlinegallery/onlineex/ordsurvdraw/e/002osd000000006u00369000.html
002OSD000000006U00380000,2019_06\2019-02 Zoomify Geo - Folder 2\OSDs TIFF Versions\002OSD000000006U00380000.tif,"Eastling, Kent 6",http://www.bl.uk/onlinegallery/onlineex/ordsurvdraw/e/002osd000000006u00380000.html
002OSD000000008U00084000,2019_06\2019-02 Zoomify Geo - Folder 2\OSDs TIFF Versions\002OSD000000008U00084000.tif,Enfield,http://www.bl.uk/onlinegallery/onlineex/ordsurvdraw/e/002osd000000008u00084000.html
002OSD000000008U00087000,2019_06\2019-02 Zoomify Geo - Folder 2\OSDs TIFF Versions\002OSD000000008U00087000.tif,Epping,http://www.bl.uk/onlinegallery/onlineex/ordsurvdraw/e/002osd000000008u00087000.html
002OSD000000016U00325000,2019_06\2019-02 Zoomify Geo - Folder 2\OSDs TIFF Versions\002OSD000000016U00325000.tif,Exmouth,http://www.bl.uk/onlinegallery/onlineex/ordsurvdraw/e/002osd000000016u00325000.html
002OSD000000017U00348000,2019_06\2019-02 Zoomify Geo - Folder 2\OSDs TIFF Versions\002OSD000000017U00348000.tif,Eynsford (Kent),http://www.bl.uk/onlinegallery/onlineex/ordsurvdraw/e/002osd000000017u00348000.html
002OSD000000019U00075000,2019_06\2019-02 Zoomify Geo - Folder 2\OSDs TIFF Versions\002OSD000000019U00075000.tif,East Grinstead 19,http://www.bl.uk/onlinegallery/onlineex/ordsurvdraw/e/002osd000000019u00075000.html
002OSD000000023U00200000,2019_06\2019-02 Zoomify Geo - Folder 2\OSDs TIFF Versions\002OSD000000023U00200000.tif,East Dereham,http://www.bl.uk/onlinegallery/onlineex/ordsurvdraw/e/002osd000000023u00200000.html#
002OSD000000025U00253000,2019_06\2019-02 Zoomify Geo - Folder 2\OSDs TIFF Versions\002OSD000000025U00253000.tif,E. Harling,http://www.bl.uk/onlinegallery/onlineex/ordsurvdraw/e/002osd000000025u00253000.html
002OSD000000026U00279000,2019_06\2019-02 Zoomify Geo - Folder 2\OSDs TIFF Versions\002OSD000000026U00279000.tif,Eye,http://www.bl.uk/onlinegallery/onlineex/ordsurvdraw/e/002osd000000026u00279000.html
002OSD000000026U002800D1,2019_06\2019-02 Zoomify Geo - Folder 2\Collection British FDRIVE One Standardised 002-002\002OSD000000026U002800D1.tif,"Erddig Wood, near Wrexham (detail from OSD Map 316 [Chester], surveyed in 1819)",http://www.bl.uk/onlinegallery/onlineex/ordsurvdraw/e/002osd000000026u002800d1.html
002OSD00000027AU00425000,2019_06\2019-02 Zoomify Geo - Folder 2\OSDs TIFF Versions\002OSD00000027AU00425000.tif,East Hampstead,http://www.bl.uk/onlinegallery/onlineex/ordsurvdraw/e/002osd00000027au00425000.html
002OSD00000027AU00430000,2019_06\2019-02 Zoomify Geo - Folder 2\OSDs TIFF Versions\002OSD00000027AU00430000.tif,"Eastling, Kent 27A",http://www.bl.uk/onlinegallery/onlineex/ordsurvdraw/e/002osd00000027au00430000.html
0020SD000000005U00321000,2019_06\2019_06 Missing\0020SD000000005_00321000.tif,"Fowey, Cornwall",http://www.bl.uk/onlinegallery/onlineex/ordsurvdraw/f/0020sd000000005u00321000.html
002OSD000000006U00363000,2019_06\2019-02 Zoomify Geo - Folder 2\OSDs TIFF Versions\002OSD000000006U00363000.tif,Fairlight (East Sussex),http://www.bl.uk/onlinegallery/onlineex/ordsurvdraw/f/002osd000000006u00363000.html
002OSD000000010U00141000,2019_06\2019-02 Zoomify Geo - Folder 2\OSDs TIFF Versions\002OSD000000010U00141000.tif,Fishguard,http://www.bl.uk/onlinegallery/onlineex/ordsurvdraw/f/002osd000000010u00141000.html
002OSD000000011U00204000,2019_06\2019-02 Zoomify Geo - Folder 2\OSDs TIFF Versions\002OSD000000011U00204000.tif,Fakenham,http://www.bl.uk/onlinegallery/onlineex/ordsurvdraw/f/002osd000000011u00204000.html
002OSD000000014U00311000,2019_06\2019-02 Zoomify Geo - Folder 2\OSDs TIFF Versions\002OSD000000014U00311000.tif,Flint,http://www.bl.uk/onlinegallery/onlineex/ordsurvdraw/f/002osd000000014u00311000.html
002OSD000000017U00366000,2019_06\2019-02 Zoomify Geo - Folder 2\OSDs TIFF Versions\002OSD000000017U00366000.tif,Folkstone (Kent),http://www.bl.uk/onlinegallery/onlineex/ordsurvdraw/f/002osd000000017u00366000.html
002OSD000000019U00044000,2019_06\2019-02 Zoomify Geo - Folder 2\OSDs TIFF Versions\002OSD000000019U00044000.tif,Frome,http://www.bl.uk/onlinegallery/onlineex/ordsurvdraw/f/002osd000000019u00044000.html
002OSD000000019U00080000,2019_06\2019-02 Zoomify Geo - Folder 2\OSDs TIFF Versions\002OSD000000019U00080000.tif,Frogle,http://www.bl.uk/onlinegallery/onlineex/ordsurvdraw/f/002osd000000019u00080000.html
002OSD000000023U00199000,2019_06\2019-02 Zoomify Geo - Folder 2\OSDs TIFF Versions\002OSD000000023U00199000.tif,Feltwell St. Nicholas,http://www.bl.uk/onlinegallery/onlineex/ordsurvdraw/f/002osd000000023u00199000.html
002OSD00000027BU00434000,2019_06\2019-02 Zoomify Geo - Folder 2\OSDs TIFF Versions\002OSD00000027BU00434000.tif,"Faversham, Kent",http://www.bl.uk/onlinegallery/onlineex/ordsurvdraw/f/002osd00000027bu00434000.html
002OSD000000002U00064000,2019_06\2019-02 Zoomify Geo - Folder 2\OSDs TIFF Versions\002OSD000000002U00064000.tif,Godalming,http://www.bl.uk/onlinegallery/onlineex/ordsurvdraw/g/002osd000000002u00064000.html
002OSD000000004U00288000,2019_06\2019-02 Zoomify Geo - Folder 2\OSDs TIFF Versions\002OSD000000004U00288000.tif,Golden Grove,http://www.bl.uk/onlinegallery/onlineex/ordsurvdraw/g/002osd000000004u00288000.html
002OSD000000004U00302000,2019_06\2019-02 Zoomify Geo - Folder 2\OSDs TIFF Versions\002OSD000000004U00302000.tif,Glasllyn,http://www.bl.uk/onlinegallery/onlineex/ordsurvdraw/g/002osd000000004u00302000.html
002OSD000000007U00035000,2019_06\2019-02 Zoomify Geo - Folder 2\OSDs TIFF Versions\002OSD000000007U00035000.tif,Glastonbury,http://www.bl.uk/onlinegallery/onlineex/ordsurvdraw/g/002osd000000007u00035000.html
002OSD000000011U00175000,2019_06\2019-02 Zoomify Geo - Folder 2\OSDs TIFF Versions\002OSD000000011U00175000.tif,Great Malvern,http://www.bl.uk/onlinegallery/onlineex/ordsurvdraw/g/002osd000000011u00175000.html
002OSD000000016U00360000,2019_06\2019-02 Zoomify Geo - Folder 2\Collection British FDRIVE One Standardised 002-003\002OSD000000016U00360000.tif,"Goudhurst, Kent 16",http://www.bl.uk/onlinegallery/onlineex/ordsurvdraw/g/002osd000000016u00360000.html
002OSD000000018U00004000,2019_06\2019-02 Zoomify Geo - Folder 2\OSDs TIFF Versions\002OSD000000018U00004000.tif,"Grampound, Cornwall",http://www.bl.uk/onlinegallery/onlineex/ordsurvdraw/g/002osd000000018u00004000.html
002OSD000000024U00238000,2019_06\2019-02 Zoomify Geo - Folder 2\OSDs TIFF Versions\002OSD000000024U00238000.tif,Grantham 24,http://www.bl.uk/onlinegallery/onlineex/ordsurvdraw/g/002osd000000024u00238000.html
002OSD000000024U00247000,2019_06\2019-02 Zoomify Geo - Folder 2\OSDs TIFF Versions\002OSD000000024U00247000.tif,Grimsby,http://www.bl.uk/onlinegallery/onlineex/ordsurvdraw/g/002osd000000024u00247000.html
002OSD000000003U00193000,2019_06\2019-02 Zoomify Geo - Folder 2\OSDs TIFF Versions\002OSD000000003U00193000.tif,Huntingdon,http://www.bl.uk/onlinegallery/onlineex/ordsurvdraw/h/002osd000000003u00193000.html
002OSD000000004U00257000,2019_06\2019-02 Zoomify Geo - Folder 2\OSDs TIFF Versions\002OSD000000004U00257000.tif,Hartshorn,http://www.bl.uk/onlinegallery/onlineex/ordsurvdraw/h/002osd000000004u00257000.html
002OSD000000004U00313000,2019_06\2019-02 Zoomify Geo - Folder 2\OSDs TIFF Versions\002OSD000000004U00313000.tif,Hooton Hall,http://www.bl.uk/onlinegallery/onlineex/ordsurvdraw/h/002osd000000004u00313000.html
002OSD000000005U00338000,2019_06\2019-02 Zoomify Geo - Folder 2\OSDs TIFF Versions\002OSD000000005U00338000.tif,Honiton,http://www.bl.uk/onlinegallery/onlineex/ordsurvdraw/h/002osd000000005u00338000.html
002OSD000000007U00054000,2019_06\2019-02 Zoomify Geo - Folder 2\OSDs TIFF Versions\002OSD000000007U00054000.tif,Hungerford,http://www.bl.uk/onlinegallery/onlineex/ordsurvdraw/h/002osd000000007u00054000.html
002OSD000000008U00077000,2019_06\2019-02 Zoomify Geo - Folder 2\OSDs TIFF Versions\002OSD000000008U00077000.tif,Hastings 8,http://www.bl.uk/onlinegallery/onlineex/ordsurvdraw/h/002osd000000008u00077000.html
002OSD000000009U00101000,2019_06\2019-02 Zoomify Geo - Folder 2\OSDs TIFF Versions\002OSD000000009U00101000.tif,Hatfield,http://www.bl.uk/onlinegallery/onlineex/ordsurvdraw/h/002osd000000009u00101000.html
002OSD000000009U00102000,2019_06\2019-02 Zoomify Geo - Folder 2\OSDs TIFF Versions\002OSD000000009U00102000.tif,Hemel Hempstead,http://www.bl.uk/onlinegallery/onlineex/ordsurvdraw/h/002osd000000009u00102000.html
002OSD000000011U00179000,2019_06\2019-02 Zoomify Geo - Folder 2\OSDs TIFF Versions\002OSD000000011U00179000.tif,Henley-in-Arden,http://www.bl.uk/onlinegallery/onlineex/ordsurvdraw/h/002osd000000011u00179000.html
002OSD000000012U00219000,2019_06\2019-02 Zoomify Geo - Folder 2\OSDs TIFF Versions\002OSD000000012U00219000.tif,Hinckley,http://www.bl.uk/onlinegallery/onlineex/ordsurvdraw/h/002osd000000012u00219000.html
002OSD000000012U00232000,2019_06\2019-02 Zoomify Geo - Folder 2\OSDs TIFF Versions\002OSD000000012U00232000.tif,Holbeach,http://www.bl.uk/onlinegallery/onlineex/ordsurvdraw/h/002osd000000012u00232000.html
002OSD000000015U00394000,2019_06\2019-02 Zoomify Geo - Folder 2\OSDs TIFF Versions\002OSD000000015U00394000.tif,Hadleigh,http://www.bl.uk/onlinegallery/onlineex/ordsurvdraw/h/002osd000000015u00394000.html
002OSD000000017U00364000,2019_06\2019-02 Zoomify Geo - Folder 2\OSDs TIFF Versions\002OSD000000017U00364000.tif,Hythe (Kent),http://www.bl.uk/onlinegallery/onlineex/ordsurvdraw/h/002osd000000017u00364000.html
002OSD000000018U00002000,2019_06\2019-02 Zoomify Geo - Folder 2\OSDs TIFF Versions\002OSD000000018U00002000.tif,"Helston, Cornwall",http://www.bl.uk/onlinegallery/onlineex/ordsurvdraw/h/002osd000000018u00002000.html
002OSD000000018U00022000,2019_06\2019-02 Zoomify Geo - Folder 2\OSDs TIFF Versions\002OSD000000018U00022000.tif,"Holsworthy, Devon",http://www.bl.uk/onlinegallery/onlineex/ordsurvdraw/h/002osd000000018u00022000.html
002OSD000000018U00023000,2019_06\2019-02 Zoomify Geo - Folder 2\OSDs TIFF Versions\002OSD000000018U00023000.tif,"Hartland, Devon",http://www.bl.uk/onlinegallery/onlineex/ordsurvdraw/h/002osd000000018u00023000.html
002OSD000000020U00083000,2019_06\2019-02 Zoomify Geo - Folder 2\OSDs TIFF Versions\002OSD000000020U00083000.tif,Hampton Court 20,http://www.bl.uk/onlinegallery/onlineex/ordsurvdraw/h/002osd000000020u00083000.html
002OSD000000020U00094000,2019_06\2019-02 Zoomify Geo - Folder 2\OSDs TIFF Versions\002OSD000000020U00094000.tif,Halstead,http://www.bl.uk/onlinegallery/onlineex/ordsurvdraw/h/002osd000000020u00094000.html
002OSD000000020U00104000,2019_06\2019-02 Zoomify Geo - Folder 2\OSDs TIFF Versions\002OSD000000020U00104000.tif,Hampstead,http://www.bl.uk/onlinegallery/onlineex/ordsurvdraw/h/002osd000000020u00104000.html
002OSD000000020U00106000,2019_06\2019-02 Zoomify Geo - Folder 2\OSDs TIFF Versions\002OSD000000020U00106000.tif,High Wycombe 20,http://www.bl.uk/onlinegallery/onlineex/ordsurvdraw/h/002osd000000020u00106000.html
002OSD000000021U00140000,2019_06\2019-02 Zoomify Geo - Folder 2\OSDs TIFF Versions\002OSD000000021U00140000.tif,Haverfordwest,http://www.bl.uk/onlinegallery/onlineex/ordsurvdraw/h/002osd000000021u00140000.html
002OSD000000022U00153000,2019_06\2019-02 Zoomify Geo - Folder 2\OSDs TIFF Versions\002OSD000000022U00153000.tif,Hay,http://www.bl.uk/onlinegallery/onlineex/ordsurvdraw/h/002osd000000022u00153000.html
002OSD000000022U00163000,2019_06\2019-02 Zoomify Geo - Folder 2\OSDs TIFF Versions\002OSD000000022U00163000.tif,Hereford 22,http://www.bl.uk/onlinegallery/onlineex/ordsurvdraw/h/002osd000000022u00163000.html
002OSD000000024U00245000,2019_06\2019-02 Zoomify Geo - Folder 2\OSDs TIFF Versions\002OSD000000024U00245000.tif,Horncastle,http://www.bl.uk/onlinegallery/onlineex/ordsurvdraw/h/002osd000000024u00245000.html
002OSD000000024U00246000,2019_06\2019-02 Zoomify Geo - Folder 2\OSDs TIFF Versions\002OSD000000024U00246000.tif,Hackthorn,http://www.bl.uk/onlinegallery/onlineex/ordsurvdraw/h/002osd000000024u00246000.html
002OSD000000025U00254000,2019_06\2019-02 Zoomify Geo - Folder 2\OSDs TIFF Versions\002OSD000000025U00254000.tif,Howden,http://www.bl.uk/onlinegallery/onlineex/ordsurvdraw/h/002osd000000025u00254000.html
002OSD000000025U00272000,2019_06\2019-02 Zoomify Geo - Folder 2\OSDs TIFF Versions\002OSD000000025U00272000.tif,"Hafod, Llanidloes",http://www.bl.uk/onlinegallery/onlineex/ordsurvdraw/h/002osd000000025u00272000.html
002OSD000000026U00281000,2019_06\2019-02 Zoomify Geo - Folder 2\OSDs TIFF Versions\002OSD000000026U00281000.tif,Holyhead,http://www.bl.uk/onlinegallery/onlineex/ordsurvdraw/h/002osd000000026u00281000.html
002OSD00000027BU00437000,2019_06\2019-02 Zoomify Geo - Folder 2\OSDs TIFF Versions\002OSD00000027BU00437000.tif,Halstow (Kent),http://www.bl.uk/onlinegallery/onlineex/ordsurvdraw/h/002osd00000027bu00437000.html
002OSD00000027BU00444000,2019_06\2019-02 Zoomify Geo - Folder 2\OSDs TIFF Versions\002OSD00000027BU00444000.tif,"Hadlow, Kent",http://www.bl.uk/onlinegallery/onlineex/ordsurvdraw/h/002osd00000027bu00444000.html
002OSD000000013U00255000,2019_06\2019-02 Zoomify Geo - Folder 2\OSDs TIFF Versions\002OSD000000013U00255000.tif,Isle-of-Axholme,http://www.bl.uk/onlinegallery/onlineex/ordsurvdraw/i/002osd000000013u00255000.html
002OSD000000019U00031000,2019_06\2019-02 Zoomify Geo - Folder 2\OSDs TIFF Versions\002OSD000000019U00031000.tif,Ilminster(002OSD000000019U00031000),http://www.bl.uk/onlinegallery/onlineex/ordsurvdraw/i/002osd000000019u00031000.html
002OSD000000019U00032000,2019_06\2019-02 Zoomify Geo - Folder 2\OSDs TIFF Versions\002OSD000000019U00032000.tif,Ilminster(002OSD000000019U00032000),http://www.bl.uk/onlinegallery/onlineex/ordsurvdraw/i/002osd000000019u00032000.html
002OSD000000020U00095000,2019_06\2019-02 Zoomify Geo - Folder 2\OSDs TIFF Versions\002OSD000000020U00095000.tif,Ipswich,http://www.bl.uk/onlinegallery/onlineex/ordsurvdraw/i/002osd000000020u00095000.html
002OSD000000001U00014000,2019_06\2019-02 Zoomify Geo - Folder 2\OSDs TIFF Versions\002OSD000000001U00014000.tif,"Kingsbridge, Devon",http://www.bl.uk/onlinegallery/onlineex/ordsurvdraw/k/002osd000000001u00014000.html
002OSD000000001U00055000,2019_06\2019-02 Zoomify Geo - Folder 2\OSDs TIFF Versions\002OSD000000001U00055000.tif,Kingsclere,http://www.bl.uk/onlinegallery/onlineex/ordsurvdraw/k/002osd000000001u00055000.html
002OSD000000005U00355000,2019_06\2019-02 Zoomify Geo - Folder 2\Collection British FDRIVE One Standardised 002-003\002OSD000000005U00355000.tif,"Knole Park ,amp; Whitely Row, near Sevenoaks, Kent",http://www.bl.uk/onlinegallery/onlineex/ordsurvdraw/k/002osd000000005u00355000.html
002OSD000000011U00173000,2019_06\2019-02 Zoomify Geo - Folder 2\OSDs TIFF Versions\002OSD000000011U00173000.tif,Kidderminster,http://www.bl.uk/onlinegallery/onlineex/ordsurvdraw/k/002osd000000011u00173000.html
002OSD000000012U00229000,2019_06\2019-02 Zoomify Geo - Folder 2\OSDs TIFF Versions\002OSD000000012U00229000.tif,Kettering,http://www.bl.uk/onlinegallery/onlineex/ordsurvdraw/k/002osd000000012u00229000.html
002OSD000000013U00250000,2019_06\2019-02 Zoomify Geo - Folder 2\OSDs TIFF Versions\002OSD000000013U00250000.tif,Kirton,http://www.bl.uk/onlinegallery/onlineex/ordsurvdraw/k/002osd000000013u00250000.html
002OSD000000013U00262000,2019_06\2019-02 Zoomify Geo - Folder 2\OSDs TIFF Versions\002OSD000000013U00262000.tif,Harlech,http://www.bl.uk/onlinegallery/onlineex/ordsurvdraw/k/002osd000000013u00250000.html
002OSD000000001U00008000,2019_06\2019-02 Zoomify Geo - Folder 2\OSDs TIFF Versions\002OSD000000001U00008000.tif,"Launceston, Cornwall",http://www.bl.uk/onlinegallery/onlineex/ordsurvdraw/l/002osd000000001u00008000.html
002OSD000000001U00011000,2019_06\2019-02 Zoomify Geo - Folder 2\OSDs TIFF Versions\002OSD000000001U00011000.tif,"Launceston, Cornwall 1",http://www.bl.uk/onlinegallery/onlineex/ordsurvdraw/l/002osd000000001u00011000.html
002OSD000000002U00073000,2019_06\2019-02 Zoomify Geo - Folder 2\OSDs TIFF Versions\002OSD000000002U00073000.tif,Lewes,http://www.bl.uk/onlinegallery/onlineex/ordsurvdraw/l/002osd000000002u00073000.html
002OSD000000003U00149000,2019_06\2019-02 Zoomify Geo - Folder 2\OSDs TIFF Versions\002OSD000000003U00149000.tif,Llandovery 3,http://www.bl.uk/onlinegallery/onlineex/ordsurvdraw/l/002osd000000003u00149000.html
002OSD000000003U00207000,2019_06\2019-02 Zoomify Geo - Folder 2\OSDs TIFF Versions\002OSD000000003U00207000.tif,Lynn Regis,http://www.bl.uk/onlinegallery/onlineex/ordsurvdraw/l/002osd000000003u00207000.html
002OSD000000007U00021000,2019_06\2019-02 Zoomify Geo - Folder 2\OSDs TIFF Versions\002OSD000000007U00021000.tif,Launceston,http://www.bl.uk/onlinegallery/onlineex/ordsurvdraw/l/002osd000000007u00021000.html
002OSD000000009U00112000,2019_06\2019-02 Zoomify Geo - Folder 2\OSDs TIFF Versions\002OSD000000009U00112000.tif,Lambourn,http://www.bl.uk/onlinegallery/onlineex/ordsurvdraw/l/002osd000000009u00112000.html
002OSD000000010U00133000,2019_06\2019-02 Zoomify Geo - Folder 2\OSDs TIFF Versions\002OSD000000010U00133000.tif,Llantrisant,http://www.bl.uk/onlinegallery/onlineex/ordsurvdraw/l/002osd000000010u00133000.html
002OSD000000010U00155000,2019_06\2019-02 Zoomify Geo - Folder 2\OSDs TIFF Versions\002OSD000000010U00155000.tif,Llandrindod,http://www.bl.uk/onlinegallery/onlineex/ordsurvdraw/l/002osd000000010u00155000.html
002OSD000000011U00186000,2019_06\2019-02 Zoomify Geo - Folder 2\OSDs TIFF Versions\002OSD000000011U00186000.tif,Ladbroke,http://www.bl.uk/onlinegallery/onlineex/ordsurvdraw/l/002osd000000011u00186000.html
002OSD000000012U00223000,2019_06\2019-02 Zoomify Geo - Folder 2\OSDs TIFF Versions\002OSD000000012U00223000.tif,Leicester and Loughborough,http://www.bl.uk/onlinegallery/onlineex/ordsurvdraw/l/002osd000000012u00223000.html
002OSD000000012U00233000,2019_06\2019-02 Zoomify Geo - Folder 2\OSDs TIFF Versions\002OSD000000012U00233000.tif,Leverington 12,http://www.bl.uk/onlinegallery/onlineex/ordsurvdraw/l/002osd000000012u00233000.html
002OSD000000013U00267000,2019_06\2019-02 Zoomify Geo - Folder 2\OSDs TIFF Versions\002OSD000000013U00267000.tif,Llanwrst,http://www.bl.uk/onlinegallery/onlineex/ordsurvdraw/l/002osd000000013u00267000.html
002OSD000000013U00297000,2019_06\2019-02 Zoomify Geo - Folder 2\OSDs TIFF Versions\002OSD000000013U00297000.tif,Llandrillo,http://www.bl.uk/onlinegallery/onlineex/ordsurvdraw/l/002osd000000013u00297000.html
002OSD000000014U00290000,2019_06\2019-02 Zoomify Geo - Folder 2\OSDs TIFF Versions\002OSD000000014U00290000.tif,Tutbury,http://www.bl.uk/onlinegallery/onlineex/ordsurvdraw/l/002osd000000014u00286000.html
002OSD000000014U00286000,2019_06\2019-02 Zoomify Geo - Folder 2\OSDs TIFF Versions\002OSD000000014U00286000.tif,Llanidloes,http://www.bl.uk/onlinegallery/onlineex/ordsurvdraw/l/002osd000000014u00286000.html
002OSD000000014U00296000,2019_06\2019-02 Zoomify Geo - Folder 2\OSDs TIFF Versions\002OSD000000014U00296000.tif,Llangynog,http://www.bl.uk/onlinegallery/onlineex/ordsurvdraw/l/002osd000000014u00296000.html
002OSD000000014U00319000,2019_06\2019-02 Zoomify Geo - Folder 2\OSDs TIFF Versions\002OSD000000014U00319000.tif,Longnor,http://www.bl.uk/onlinegallery/onlineex/ordsurvdraw/l/002osd000000014u00319000.html
002OSD000000016U00322000,2019_06\2019-02 Zoomify Geo - Folder 2\OSDs TIFF Versions\002OSD000000016U00322000.tif,"Liskeard, Cornwall",http://www.bl.uk/onlinegallery/onlineex/ordsurvdraw/l/002osd000000016u00322000.html
002OSD000000017U00334000,2019_06\2019-02 Zoomify Geo - Folder 2\Collection British FDRIVE One Standardised 002-003\002OSD000000017U00334000.tif,Lydiard St. Laurence,http://www.bl.uk/onlinegallery/onlineex/ordsurvdraw/l/002osd000000017u00334000.html
002OSD000000018U00001000,2019_06\2019-02 Zoomify Geo - Folder 2\OSDs TIFF Versions\002OSD000000018U00001000.tif,"Land's End, Cornwall",http://www.bl.uk/onlinegallery/onlineex/ordsurvdraw/l/002osd000000018u00001000.html
002osd000000020u00100000,2019_06\2019-02 Zoomify Geo - Folder 2\OSDs TIFF Versions\002OSD000000020U00100000.tif,Luton,http://www.bl.uk/onlinegallery/onlineex/ordsurvdraw/l/002osd000000020u00100000.html
002OSD000000020U00119000,2019_06\2019-02 Zoomify Geo - Folder 2\OSDs TIFF Versions\002OSD000000020U00119000.tif,Lydiard,http://www.bl.uk/onlinegallery/onlineex/ordsurvdraw/l/002osd000000020u00119000.html
002OSD000000021U00143000,2019_06\2019-02 Zoomify Geo - Folder 2\OSDs TIFF Versions\002OSD000000021U00143000.tif,Lampeter,http://www.bl.uk/onlinegallery/onlineex/ordsurvdraw/l/002osd000000021u00143000.html
002OSD000000021U00145000,2019_06\2019-02 Zoomify Geo - Folder 2\OSDs TIFF Versions\002OSD000000021U00145000.tif,Llanon,http://www.bl.uk/onlinegallery/onlineex/ordsurvdraw/l/002osd000000021u00145000.html
002OSD000000021U00146000,2019_06\2019-02 Zoomify Geo - Folder 2\OSDs TIFF Versions\002OSD000000021U00146000.tif,Llandovery(002OSD000000021U00146000),http://www.bl.uk/onlinegallery/onlineex/ordsurvdraw/l/002osd000000021u00146000.html
002OSD000000023U00210000,2019_06\2019-02 Zoomify Geo - Folder 2\OSDs TIFF Versions\002OSD000000023U00210000.tif,Littleport,http://www.bl.uk/onlinegallery/onlineex/ordsurvdraw/l/002osd000000023u00210000.html
002OSD000000024U00218000,2019_06\2019-02 Zoomify Geo - Folder 2\OSDs TIFF Versions\002OSD000000024U00218000.tif,Lichfield,http://www.bl.uk/onlinegallery/onlineex/ordsurvdraw/l/002osd000000024u00218000.html
002OSD000000024U00240000,2019_06\2019-02 Zoomify Geo - Folder 2\OSDs TIFF Versions\002OSD000000024U00240000.tif,Lincoln,http://www.bl.uk/onlinegallery/onlineex/ordsurvdraw/l/002osd000000024u00240000.html
002OSD000000024U00248000,2019_06\2019-02 Zoomify Geo - Folder 2\OSDs TIFF Versions\002OSD000000024U00248000.tif,Louth,http://www.bl.uk/onlinegallery/onlineex/ordsurvdraw/l/002osd000000024u00248000.html
002OSD000000026U00282000,2019_06\2019-02 Zoomify Geo - Folder 2\OSDs TIFF Versions\002OSD000000026U00282000.tif,Llangefni,http://www.bl.uk/onlinegallery/onlineex/ordsurvdraw/l/002osd000000026u00282000.html
002OSD000000026U00298000,2019_06\2019-02 Zoomify Geo - Folder 2\OSDs TIFF Versions\002OSD000000026U00298000.tif,Llanerfyl,http://www.bl.uk/onlinegallery/onlineex/ordsurvdraw/l/002osd000000026u00298000.html
002OSD000000026U00308000,2019_06\2019-02 Zoomify Geo - Folder 2\OSDs TIFF Versions\002OSD000000026U00308000.tif,Llangollen,http://www.bl.uk/onlinegallery/onlineex/ordsurvdraw/l/002osd000000026u00308000.html
002OSD000000027U00396000,2019_06\2019-02 Zoomify Geo - Folder 2\Collection British FDRIVE One Standardised 002-003\002OSD000000027U00396000.tif,"Lands End, Mount's Bay, Cornwall",http://www.bl.uk/onlinegallery/onlineex/ordsurvdraw/l/002osd000000027u00396000.html
002OSD00000027BU00440000,2019_06\2019-02 Zoomify Geo - Folder 2\OSDs TIFF Versions\002OSD00000027BU00440000.tif,"Lyding [Lidsing], Kent",http://www.bl.uk/onlinegallery/onlineex/ordsurvdraw/l/002osd00000027bu00440000.html
002OSD00000027BU00448000,2019_06\2019-02 Zoomify Geo - Folder 2\OSDs TIFF Versions\002OSD00000027BU00448000.tif,Lundy Island,http://www.bl.uk/onlinegallery/onlineex/ordsurvdraw/l/002osd00000027bu00448000.html
002OSD000000001U00013000,2019_06\2019-02 Zoomify Geo - Folder 2\OSDs TIFF Versions\002OSD000000001U00013000.tif,"Modbury, Devon",http://www.bl.uk/onlinegallery/onlineex/ordsurvdraw/m/002osd000000001u00013000.html
002OSD000000004U00305000,2019_06\2019-02 Zoomify Geo - Folder 2\OSDs TIFF Versions\002OSD000000004U00305000.tif,Machynlleth,http://www.bl.uk/onlinegallery/onlineex/ordsurvdraw/m/002osd000000004u00305000.html
002OSD000000004U00312000,2019_06\2019-02 Zoomify Geo - Folder 2\OSDs TIFF Versions\002OSD000000004U00312000.tif,Mostyn Hall,http://www.bl.uk/onlinegallery/onlineex/ordsurvdraw/m/002osd000000004u00312000.html
002OSD000000004U00320000,2019_06\2019-02 Zoomify Geo - Folder 2\OSDs TIFF Versions\002OSD000000004U00320000.tif,Macclesfield,http://www.bl.uk/onlinegallery/onlineex/ordsurvdraw/m/002osd000000004u00320000.html
002OSD000000008U00061000,2019_06\2019-02 Zoomify Geo - Folder 2\OSDs TIFF Versions\002OSD000000008U00061000.tif,Midhurst 8,http://www.bl.uk/onlinegallery/onlineex/ordsurvdraw/m/002osd000000008u00061000.html
002OSD000000008U00089000,2019_06\2019-02 Zoomify Geo - Folder 2\OSDs TIFF Versions\002OSD000000008U00089000.tif,Maldon,http://www.bl.uk/onlinegallery/onlineex/ordsurvdraw/m/002osd000000008u00089000.html
002OSD000000010U00166000,2019_06\2019-02 Zoomify Geo - Folder 2\OSDs TIFF Versions\002OSD000000010U00166000.tif,Much Wenlock,http://www.bl.uk/onlinegallery/onlineex/ordsurvdraw/m/002osd000000010u00166000.html
002OSD000000010U00168000,2019_06\2019-02 Zoomify Geo - Folder 2\OSDs TIFF Versions\002OSD000000010U00168000.tif,Market Drayton,http://www.bl.uk/onlinegallery/onlineex/ordsurvdraw/m/002osd000000010u00168000.html
002OSD000000011U00209000,2019_06\2019-02 Zoomify Geo - Folder 2\OSDs TIFF Versions\002OSD000000011U00209000.tif,March,http://www.bl.uk/onlinegallery/onlineex/ordsurvdraw/m/002osd000000011u00209000.html
002OSD000000012U00225000,2019_06\2019-02 Zoomify Geo - Folder 2\OSDs TIFF Versions\002OSD000000012U00225000.tif,"Melton Mowbray, Leicestershire",http://www.bl.uk/onlinegallery/onlineex/ordsurvdraw/m/002osd000000012u00225000.html
002OSD000000014U00293000,2019_06\2019-02 Zoomify Geo - Folder 2\OSDs TIFF Versions\002OSD000000014U00293000.tif,Meifod,http://www.bl.uk/onlinegallery/onlineex/ordsurvdraw/m/002osd000000014u00293000.html
002OSD000000014U00310000,2019_06\2019-02 Zoomify Geo - Folder 2\OSDs TIFF Versions\002OSD000000014U00310000.tif,Mold,http://www.bl.uk/onlinegallery/onlineex/ordsurvdraw/m/002osd000000014u00310000.html
002OSD000000015U00371V00,2019_06\2019-02 Zoomify Geo - Folder 2\OSDs TIFF Versions\002OSD000000015U00371V00.tif,"Margate, Kent",http://www.bl.uk/onlinegallery/onlineex/ordsurvdraw/m/002osd000000015u00371v00.html
002OSD000000015U00373000,2019_06\2019-02 Zoomify Geo - Folder 2\OSDs TIFF Versions\002OSD000000015U00373000.tif,Margate (Kent),http://www.bl.uk/onlinegallery/onlineex/ordsurvdraw/m/002osd000000015u00373000.html
002OSD000000016U00332000,2019_06\2019-02 Zoomify Geo - Folder 2\OSDs TIFF Versions\002OSD000000016U00332000.tif,Minehead,http://www.bl.uk/onlinegallery/onlineex/ordsurvdraw/m/002osd000000016u00332000.html
002OSD000000016U00336000,2019_06\2019-02 Zoomify Geo - Folder 2\OSDs TIFF Versions\002OSD000000016U00336000.tif,Milverton,http://www.bl.uk/onlinegallery/onlineex/ordsurvdraw/m/002osd000000016u00336000.html
002OSD000000016U00347000,2019_06\2019-02 Zoomify Geo - Folder 2\OSDs TIFF Versions\002OSD000000016U00347000.tif,Maresfield,http://www.bl.uk/onlinegallery/onlineex/ordsurvdraw/m/002osd000000016u00347000.html
002OSD000000020U00124000,2019_06\2019-02 Zoomify Geo - Folder 2\OSDs TIFF Versions\002OSD000000020U00124000.tif,Malmesbury,http://www.bl.uk/onlinegallery/onlineex/ordsurvdraw/m/002osd000000020u00124000.html
002OSD000000021U00139000,2019_06\2019-02 Zoomify Geo - Folder 2\OSDs TIFF Versions\002OSD000000021U00139000.tif,Milford Haven,http://www.bl.uk/onlinegallery/onlineex/ordsurvdraw/m/002osd000000021u00139000.html
002OSD00000027BU00432000,2019_06\2019-02 Zoomify Geo - Folder 2\OSDs TIFF Versions\002OSD00000027BU00432000.tif,"Merston, Kent",http://www.bl.uk/onlinegallery/onlineex/ordsurvdraw/m/002osd00000027bu00432000.html
002OSD00000027BU00433000,2019_06\2019-02 Zoomify Geo - Folder 2\OSDs TIFF Versions\002OSD00000027BU00433000.tif,"Milton, Kent",http://www.bl.uk/onlinegallery/onlineex/ordsurvdraw/m/002osd00000027bu00433000.html
002OSD00000027BU00441000,2019_06\2019-02 Zoomify Geo - Folder 2\OSDs TIFF Versions\002OSD00000027BU00441000.tif,"Maidstone, Kent",http://www.bl.uk/onlinegallery/onlineex/ordsurvdraw/m/002osd00000027bu00441000.html
002OSD00000027BU00443000,2019_06\2019-02 Zoomify Geo - Folder 2\OSDs TIFF Versions\002OSD00000027BU00443000.tif,"Mereworth, Kent",http://www.bl.uk/onlinegallery/onlineex/ordsurvdraw/m/002osd00000027bu00443000.html
002OSD000000003U00196000,2019_06\2019-02 Zoomify Geo - Folder 2\OSDs TIFF Versions\002OSD000000003U00196000.tif,Newmarket 3,http://www.bl.uk/onlinegallery/onlineex/ordsurvdraw/n/002osd000000003u00196000.html
002OSD000000010U00130000,2019_06\2019-02 Zoomify Geo - Folder 2\OSDs TIFF Versions\002OSD000000010U00130000.tif,Newent,http://www.bl.uk/onlinegallery/onlineex/ordsurvdraw/n/002osd000000010u00130000.html
002OSD000000010U00156000,2019_06\2019-02 Zoomify Geo - Folder 2\OSDs TIFF Versions\002OSD000000010U00156000.tif,Newtown,http://www.bl.uk/onlinegallery/onlineex/ordsurvdraw/n/002osd000000010u00156000.html
002OSD000000011U00213000,2019_06\2019-02 Zoomify Geo - Folder 2\OSDs TIFF Versions\002OSD000000011U00213000.tif,Northampton,http://www.bl.uk/onlinegallery/onlineex/ordsurvdraw/n/002osd000000011u00213000.html
002OSD000000012U00224000,2019_06\2019-02 Zoomify Geo - Folder 2\OSDs TIFF Versions\002OSD000000012U00224000.tif,Nottingham 12,http://www.bl.uk/onlinegallery/onlineex/ordsurvdraw/n/002osd000000012u00224000.html
002OSD000000012U00239000,2019_06\2019-02 Zoomify Geo - Folder 2\OSDs TIFF Versions\002OSD000000012U00239000.tif,Newark-on-Trent,http://www.bl.uk/onlinegallery/onlineex/ordsurvdraw/n/002osd000000012u00239000.html
002OSD000000018U00026000,2019_06\2019-02 Zoomify Geo - Folder 2\OSDs TIFF Versions\002OSD000000018U00026000.tif,"North Molton, Devon",http://www.bl.uk/onlinegallery/onlineex/ordsurvdraw/n/002osd000000018u00026000.html
002OSD000000021U00132000,2019_06\2019-02 Zoomify Geo - Folder 2\OSDs TIFF Versions\002OSD000000021U00132000.tif,Newport 21,http://www.bl.uk/onlinegallery/onlineex/ordsurvdraw/n/002osd000000021u00132000.html
002OSD000000021U00144000,2019_06\2019-02 Zoomify Geo - Folder 2\OSDs TIFF Versions\002OSD000000021U00144000.tif,Newcastle-in-Emlyn,http://www.bl.uk/onlinegallery/onlineex/ordsurvdraw/n/002osd000000021u00144000.html
002OSD000000022U00167000,2019_06\2019-02 Zoomify Geo - Folder 2\OSDs TIFF Versions\002OSD000000022U00167000.tif,Newport 22,http://www.bl.uk/onlinegallery/onlineex/ordsurvdraw/n/002osd000000022u00167000.html
002OSD000000023U00201000,2019_06\2019-02 Zoomify Geo - Folder 2\OSDs TIFF Versions\002OSD000000023U00201000.tif,New Buckenham,http://www.bl.uk/onlinegallery/onlineex/ordsurvdraw/n/002osd000000023u00201000.html
002OSD000000023U0020100A,2019_06\2019-02 Zoomify Geo - Folder 2\OSDs TIFF Versions\002OSD000000023U0020100A.tif,Norwich 23,http://www.bl.uk/onlinegallery/onlineex/ordsurvdraw/n/002osd000000023u0020100a.html
002OSD00000027AU00420000,2019_06\2019-02 Zoomify Geo - Folder 2\OSDs TIFF Versions\002OSD00000027AU00420000.tif,Niton (Isle of Wight),http://www.bl.uk/onlinegallery/onlineex/ordsurvdraw/n/002osd00000027au00420000.html
002OSD00000027AU00423000,2019_06\2019-02 Zoomify Geo - Folder 2\OSDs TIFF Versions\002OSD00000027AU00423000.tif,Newport 27A,http://www.bl.uk/onlinegallery/onlineex/ordsurvdraw/n/002osd00000027au00423000.html
002OSD00000027BU00447000,2019_06\2019-02 Zoomify Geo - Folder 2\OSDs TIFF Versions\002OSD00000027BU00447000.tif,"North Fleet, Kent",http://www.bl.uk/onlinegallery/onlineex/ordsurvdraw/n/002osd00000027bu00447000.html
002OSD000000002U00068000,2019_06\2019-02 Zoomify Geo - Folder 2\OSDs TIFF Versions\002OSD000000002U00068000.tif,Ockley,http://www.bl.uk/onlinegallery/onlineex/ordsurvdraw/o/002osd000000002u00068000.html
002OSD000000003U00189000,2019_06\2019-02 Zoomify Geo - Folder 2\Collection British FDRIVE One Standardised 002-001\002OSD000000003U00189000.tif,Ot Moor,http://www.bl.uk/onlinegallery/onlineex/ordsurvdraw/o/002osd000000003u00189000.html
002OSD000000003U00227000,2019_06\2019-02 Zoomify Geo - Folder 2\OSDs TIFF Versions\002OSD000000003U00227000.tif,Oakham,http://www.bl.uk/onlinegallery/onlineex/ordsurvdraw/o/002osd000000003u00227000.html
002OSD000000003U00228000,2019_06\2019-02 Zoomify Geo - Folder 2\OSDs TIFF Versions\002OSD000000003U00228000.tif,Stamford,http://www.bl.uk/onlinegallery/onlineex/ordsurvdraw/o/002osd000000003u00227000.html
002OSD000000005U00329000,2019_06\2019-02 Zoomify Geo - Folder 2\OSDs TIFF Versions\002OSD000000005U00329000.tif,Ottery St. Mary,http://www.bl.uk/onlinegallery/onlineex/ordsurvdraw/o/002osd000000005u00329000.html
002OSD000000005U00340000,2019_06\2019-02 Zoomify Geo - Folder 2\OSDs TIFF Versions\002OSD000000005U00340000.tif,"Ottery St. Mary, Devon",http://www.bl.uk/onlinegallery/onlineex/ordsurvdraw/o/002osd000000005u00340000.html
002OSD000000012U00230000,2019_06\2019-02 Zoomify Geo - Folder 2\OSDs TIFF Versions\002OSD000000012U00230000.tif,Oundle,http://www.bl.uk/onlinegallery/onlineex/ordsurvdraw/o/002osd000000012u00230000.html
002OSD000000014U00295000,2019_06\2019-02 Zoomify Geo - Folder 2\OSDs TIFF Versions\002OSD000000014U00295000.tif,Oswestry,http://www.bl.uk/onlinegallery/onlineex/ordsurvdraw/o/002osd000000014u00295000.html
002OSD000000018U00019000,2019_06\2019-02 Zoomify Geo - Folder 2\OSDs TIFF Versions\002OSD000000018U00019000.tif,"Oakhampton, Devon",http://www.bl.uk/onlinegallery/onlineex/ordsurvdraw/o/002osd000000018u00019000.html
002OSD000000019U00081000,2019_06\2019-02 Zoomify Geo - Folder 2\OSDs TIFF Versions\002OSD000000019U00081000.tif,Odiham,http://www.bl.uk/onlinegallery/onlineex/ordsurvdraw/o/002osd000000019u00081000.html
002OSD000000026U00277000,2019_06\2019-02 Zoomify Geo - Folder 2\OSDs TIFF Versions\002OSD000000026U00277000.tif,Orford(002OSD000000026U00277000),http://www.bl.uk/onlinegallery/onlineex/ordsurvdraw/o/002osd000000026u00277000.html
002OSD000000026U00278000,2019_06\2019-02 Zoomify Geo - Folder 2\OSDs TIFF Versions\002OSD000000026U00278000.tif,Orford(002OSD000000026U00278000),http://www.bl.uk/onlinegallery/onlineex/ordsurvdraw/o/002osd000000026u00278000.html
002OSD000000001U00059000,2019_06\2019-02 Zoomify Geo - Folder 2\OSDs TIFF Versions\002OSD000000001U00059000.tif,Blendworth,http://www.bl.uk/onlinegallery/onlineex/ordsurvdraw/other/002osd000000001u00059000.html
002OSD000000002U00066000,2019_06\2019-02 Zoomify Geo - Folder 2\OSDs TIFF Versions\002OSD000000002U00066000.tif,Cranleigh,http://www.bl.uk/onlinegallery/onlineex/ordsurvdraw/other/002osd000000002u00066000.html
002OSD000000002U00096000,2019_06\2019-02 Zoomify Geo - Folder 2\OSDs TIFF Versions\002OSD000000002U00096000.tif,Anstey,http://www.bl.uk/onlinegallery/onlineex/ordsurvdraw/other/002osd000000002u00096000.html
002OSD000000002U00097000,2019_06\2019-02 Zoomify Geo - Folder 2\OSDs TIFF Versions\002OSD000000002U00097000.tif,Boxstead,http://www.bl.uk/onlinegallery/onlineex/ordsurvdraw/other/002osd000000002u00097000.html
002OSD000000003U00194000,2019_06\2019-02 Zoomify Geo - Folder 2\OSDs TIFF Versions\002OSD000000003U00194000.tif,Caxton,http://www.bl.uk/onlinegallery/onlineex/ordsurvdraw/other/002osd000000003u00194000.html
002OSD000000003U00237000,2019_06\2019-02 Zoomify Geo - Folder 2\OSDs TIFF Versions\002OSD000000003U00237000.tif,Ancaster,http://www.bl.uk/onlinegallery/onlineex/ordsurvdraw/other/002osd000000003u00237000.html
002OSD000000005U00326000,2019_06\2019-02 Zoomify Geo - Folder 2\OSDs TIFF Versions\002OSD000000005U00326000.tif,Bickleigh,http://www.bl.uk/onlinegallery/onlineex/ordsurvdraw/other/002osd000000005u00326000.html
002OSD000000005U00339000,2019_06\2019-02 Zoomify Geo - Folder 2\OSDs TIFF Versions\002OSD000000005U00339000.tif,Axminster,http://www.bl.uk/onlinegallery/onlineex/ordsurvdraw/other/002osd000000005u00339000.html
002OSD000000006U00389V00,2019_06\2019-02 Zoomify Geo - Folder 2\OSDs TIFF Versions\002OSD000000006U00389V00.tif,Southern England,http://www.bl.uk/onlinegallery/onlineex/ordsurvdraw/other/002osd000000006u00389v00.html
002OSD000000006U00393000,2019_06\2019-02 Zoomify Geo - Folder 2\OSDs TIFF Versions\002OSD000000006U00393000.tif,"East Tilbury, Essex",http://www.bl.uk/onlinegallery/onlineex/ordsurvdraw/other/002osd000000006u00393000.html
002OSD000000008U00086000,2019_06\2019-02 Zoomify Geo - Folder 2\OSDs TIFF Versions\002OSD000000008U00086000.tif,Althorne,http://www.bl.uk/onlinegallery/onlineex/ordsurvdraw/other/002osd000000008u00086000.html
002OSD000000008U00090000,2019_06\2019-02 Zoomify Geo - Folder 2\OSDs TIFF Versions\002OSD000000008U00090000.tif,Braintree,http://www.bl.uk/onlinegallery/onlineex/ordsurvdraw/other/002osd000000008u00090000.html
002OSD000000009U00123000,2019_06\2019-02 Zoomify Geo - Folder 2\OSDs TIFF Versions\002OSD000000009U00123000.tif,North Wilts,http://www.bl.uk/onlinegallery/onlineex/ordsurvdraw/other/002osd000000009u00123000.html
002OSD000000014U00318000,2019_06\2019-02 Zoomify Geo - Folder 2\OSDs TIFF Versions\002OSD000000014U00318000.tif,Belper,http://www.bl.uk/onlinegallery/onlineex/ordsurvdraw/other/002osd000000014u00318000.html
002OSD000000015U00344000,2019_06\2019-02 Zoomify Geo - Folder 2\OSDs TIFF Versions\002OSD000000015U00344000.tif,Beaulieu,http://www.bl.uk/onlinegallery/onlineex/ordsurvdraw/other/002osd000000015u00344000.html
002OSD000000025U00270000,2019_06\2019-02 Zoomify Geo - Folder 2\OSDs TIFF Versions\002OSD000000025U00270000.tif,Cardiganshire,http://www.bl.uk/onlinegallery/onlineex/ordsurvdraw/other/002osd000000025u00270000.html
002OSD00000027BU00449000,2019_06\2019-02 Zoomify Geo - Folder 2\OSDs TIFF Versions\002OSD00000027BU00449000.tif,Plan Of Lundy Island,http://www.bl.uk/onlinegallery/onlineex/ordsurvdraw/other/002osd00000027bu00449000.html
002OSD000000001U00006000,2019_06\2019-02 Zoomify Geo - Folder 2\OSDs TIFF Versions\002OSD000000001U00006000.tif,"Padstow, Cornwall",http://www.bl.uk/onlinegallery/onlineex/ordsurvdraw/p/002osd000000001u00006000.html
002OSD000000003U00157000,2019_06\2019-02 Zoomify Geo - Folder 2\OSDs TIFF Versions\002OSD000000003U00157000.tif,Part of Shropshire containing 126 square miles. Surveyed and Drawn by H. Stevens R. M. D. 1816'',http://www.bl.uk/onlinegallery/onlineex/ordsurvdraw/p/002osd000000003u00157000.html
002OSD000000003U00169000,2019_06\2019-02 Zoomify Geo - Folder 2\OSDs TIFF Versions\002OSD000000003U00169000.tif,Part of Staffordshire Containing 100 Square Miles Surveyed by Mr Field and Drawn by Mr Stevens 1817,http://www.bl.uk/onlinegallery/onlineex/ordsurvdraw/p/002osd000000003u00169000.html
002OSD000000004U00251000,2019_06\2019-02 Zoomify Geo - Folder 2\OSDs TIFF Versions\002OSD000000004U00251000.tif,Part of Nottinghamshire H. Stevens. 1820.''(002OSD000000004U00251000),http://www.bl.uk/onlinegallery/onlineex/ordsurvdraw/p/002osd000000004u00251000.html
002OSD000000004U00252000,2019_06\2019-02 Zoomify Geo - Folder 2\OSDs TIFF Versions\002OSD000000004U00252000.tif,Part of Nottinghamshire H. Stevens. 1820.''(002OSD000000004U00252000),http://www.bl.uk/onlinegallery/onlineex/ordsurvdraw/p/002osd000000004u00252000.html
002OSD000000004U00315000,2019_06\2019-02 Zoomify Geo - Folder 2\OSDs TIFF Versions\002OSD000000004U00315000.tif,Potteries,http://www.bl.uk/onlinegallery/onlineex/ordsurvdraw/p/002osd000000004u00315000.html
002OSD000000005U00351000,2019_06\2019-02 Zoomify Geo - Folder 2\Collection British FDRIVE One Standardised 002-003\002OSD000000005U00351000.tif,Penshurst (Kent),http://www.bl.uk/onlinegallery/onlineex/ordsurvdraw/p/002osd000000005u00351000.html
002OSD000000005U00356000,2019_06\2019-02 Zoomify Geo - Folder 2\Collection British FDRIVE One Standardised 002-003\002OSD000000005U00356000.tif,"Penshurst Park, Kent",http://www.bl.uk/onlinegallery/onlineex/ordsurvdraw/p/002osd000000005u00356000.html
002OSD000000006U00390000,2019_06\2019-02 Zoomify Geo - Folder 2\OSDs TIFF Versions\002OSD000000006U00390000.tif,Purfleet(002OSD000000006U00390000),http://www.bl.uk/onlinegallery/onlineex/ordsurvdraw/p/002osd000000006u00390000.html
002OSD000000006U00391000,2019_06\2019-02 Zoomify Geo - Folder 2\OSDs TIFF Versions\002OSD000000006U00391000.tif,Purfleet(002OSD000000006U00391000),http://www.bl.uk/onlinegallery/onlineex/ordsurvdraw/p/002osd000000006u00391000.html
002OSD000000007U00051000,2019_06\2019-02 Zoomify Geo - Folder 2\OSDs TIFF Versions\002OSD000000007U00051000.tif,Poole,http://www.bl.uk/onlinegallery/onlineex/ordsurvdraw/p/002osd000000007u00051000.html
002OSD000000017U00378000,2019_06\2019-02 Zoomify Geo - Folder 2\OSDs TIFF Versions\002OSD000000017U00378000.tif,"Chilham, Kent 17",http://www.bl.uk/onlinegallery/onlineex/ordsurvdraw/p/002osd000000010u00170000.html
002OSD000000010U00170000,2019_06\2019-02 Zoomify Geo - Folder 2\OSDs TIFF Versions\002OSD000000010U00170000.tif,Penkridge,http://www.bl.uk/onlinegallery/onlineex/ordsurvdraw/p/002osd000000010u00170000.html
002OSD000000011U00176000,2019_06\2019-02 Zoomify Geo - Folder 2\OSDs TIFF Versions\002OSD000000011U00176000.tif,Pershore,http://www.bl.uk/onlinegallery/onlineex/ordsurvdraw/p/002osd000000011u00176000.html
002OSD000000013U00300000,2019_06\2019-02 Zoomify Geo - Folder 2\Collection British FDRIVE One Standardised 002-003\002OSD000000013U00300000.tif,Pwllheli,http://www.bl.uk/onlinegallery/onlineex/ordsurvdraw/p/002osd000000013u00300000.html
002OSD000000014U00304000,2019_06\2019-02 Zoomify Geo - Folder 2\OSDs TIFF Versions\002OSD000000014U00304000.tif,Plynlimmon,http://www.bl.uk/onlinegallery/onlineex/ordsurvdraw/p/002osd000000014u00304000.html
002OSD000000015U00345000,2019_06\2019-02 Zoomify Geo - Folder 2\OSDs TIFF Versions\002OSD000000015U00345000.tif,Portsmouth,http://www.bl.uk/onlinegallery/onlineex/ordsurvdraw/p/002osd000000015u00345000.html
002OSD000000015U00395000,2019_06\2019-02 Zoomify Geo - Folder 2\OSDs TIFF Versions\002OSD000000015U00395000.tif,Prittlewell,http://www.bl.uk/onlinegallery/onlineex/ordsurvdraw/p/002osd000000015u00395000.html
002OSD000000022U00159000,2019_06\2019-02 Zoomify Geo - Folder 2\OSDs TIFF Versions\002OSD000000022U00159000.tif,Presteigne,http://www.bl.uk/onlinegallery/onlineex/ordsurvdraw/p/002osd000000022u00159000.html
002OSD000000001U00028000,2019_06\2019-02 Zoomify Geo - Folder 2\OSDs TIFF Versions\002OSD000000001U00028000.tif,Roborough,http://www.bl.uk/onlinegallery/onlineex/ordsurvdraw/r/002osd000000001u00028000.html
002OSD000000002U00067000,2019_06\2019-02 Zoomify Geo - Folder 2\OSDs TIFF Versions\002OSD000000002U00067000.tif,Reigate 2,http://www.bl.uk/onlinegallery/onlineex/ordsurvdraw/r/002osd000000002u00067000.html
002OSD000000003U00003000,2019_06\2019-02 Zoomify Geo - Folder 2\Collection British FDRIVE One Standardised 002-000\002OSD000000003U00003000.tif,"Redruth, Cornwall",http://www.bl.uk/onlinegallery/onlineex/ordsurvdraw/r/002osd000000003u00003000.html
002OSD000000004U00259000,2019_06\2019-02 Zoomify Geo - Folder 2\OSDs TIFF Versions\002OSD000000004U00259000.tif,River Ouse,http://www.bl.uk/onlinegallery/onlineex/ordsurvdraw/r/002osd000000004u00259000.html
002OSD000000006U00361000,2019_06\2019-02 Zoomify Geo - Folder 2\OSDs TIFF Versions\002OSD000000006U00361000.tif,Rye (Sussex),http://www.bl.uk/onlinegallery/onlineex/ordsurvdraw/r/002osd000000006u00361000.html
002OSD000000006U00392000,2019_06\2019-02 Zoomify Geo - Folder 2\OSDs TIFF Versions\002OSD000000006U00392000.tif,Rainham,http://www.bl.uk/onlinegallery/onlineex/ordsurvdraw/r/002osd000000006u00392000.html
002OSD000000006U00392V00,2019_06\2019-02 Zoomify Geo - Folder 2\OSDs TIFF Versions\002OSD000000006U00392V00.tif,Rainham reverse,http://www.bl.uk/onlinegallery/onlineex/ordsurvdraw/r/002osd000000006u00392v00.html
002OSD000000012U00220000,2019_06\2019-02 Zoomify Geo - Folder 2\OSDs TIFF Versions\002OSD000000012U00220000.tif,Rugby,http://www.bl.uk/onlinegallery/onlineex/ordsurvdraw/r/002osd000000012u00220000.html
002OSD000000019U00082000,2019_06\2019-02 Zoomify Geo - Folder 2\OSDs TIFF Versions\002OSD000000019U00082000.tif,Reading 19,http://www.bl.uk/onlinegallery/onlineex/ordsurvdraw/r/002osd000000019u00082000.html
002OSD000000026U00274000,2019_06\2019-02 Zoomify Geo - Folder 2\OSDs TIFF Versions\002OSD000000026U00274000.tif,Ruthin,http://www.bl.uk/onlinegallery/onlineex/ordsurvdraw/r/002osd000000026u00274000.html
002OSD00000027BU00438000,2019_06\2019-02 Zoomify Geo - Folder 2\OSDs TIFF Versions\002OSD00000027BU00438000.tif,Rainham (Kent),http://www.bl.uk/onlinegallery/onlineex/ordsurvdraw/r/002osd00000027bu00438000.html
0020SD000000002U00070000,2019_06\2019-02 Zoomify Geo - Folder 2\Collection British FDRIVE One Standardised 002-000\002OSD000000002U00070000.tif,Steyning,http://www.bl.uk/onlinegallery/onlineex/ordsurvdraw/s/0020sd000000002u00070000.html
002OSD000000001U00012000,2019_06\2019-02 Zoomify Geo - Folder 2\OSDs TIFF Versions\002OSD000000001U00012000.tif,"South Petherwin, Cornwall",http://www.bl.uk/onlinegallery/onlineex/ordsurvdraw/s/002osd000000001u00012000.html
002OSD000000001U00037000,2019_06\2019-02 Zoomify Geo - Folder 2\OSDs TIFF Versions\002OSD000000001U00037000.tif,South Petherton,http://www.bl.uk/onlinegallery/onlineex/ordsurvdraw/s/002osd000000001u00037000.html
002OSD000000002U00062000,2019_06\2019-02 Zoomify Geo - Folder 2\OSDs TIFF Versions\002OSD000000002U00062000.tif,Selborne,http://www.bl.uk/onlinegallery/onlineex/ordsurvdraw/s/002osd000000002u00062000.html
002OSD000000002U00098000,2019_06\2019-02 Zoomify Geo - Folder 2\OSDs TIFF Versions\002OSD000000002U00098000.tif,Sudbury,http://www.bl.uk/onlinegallery/onlineex/ordsurvdraw/s/002osd000000002u00098000.html
002osd000000003u00228000,2019_06\2019-02 Zoomify Geo - Folder 2\OSDs TIFF Versions\002OSD000000003U00228000.tif,Stamford,http://www.bl.uk/onlinegallery/onlineex/ordsurvdraw/s/002osd000000003u00228000.html
002OSD000000003U00236000,2019_06\2019-02 Zoomify Geo - Folder 2\OSDs TIFF Versions\002OSD000000003U00236000.tif,Sleaford,http://www.bl.uk/onlinegallery/onlineex/ordsurvdraw/s/002osd000000003u00236000.html
002OSD000000005U00353000,2019_06\2019-02 Zoomify Geo - Folder 2\Collection British FDRIVE One Standardised 002-003\002OSD000000005U00353000.tif,Sevenoaks (Kent),http://www.bl.uk/onlinegallery/onlineex/ordsurvdraw/s/002osd000000005u00353000.html
002OSD000000005U00353V00,2019_06\2019-02 Zoomify Geo - Folder 2\Collection British FDRIVE One Standardised 002-003\002OSD000000005U00353V00.tif,Sevenoaks (Kent) reverse,http://www.bl.uk/onlinegallery/onlineex/ordsurvdraw/s/002osd000000005u00353v00.html
002OSD000000006U00368000,2019_06\2019-02 Zoomify Geo - Folder 2\OSDs TIFF Versions\002OSD000000006U00368000.tif,St Margaret's Bay,http://www.bl.uk/onlinegallery/onlineex/ordsurvdraw/s/002osd000000006u00368000.html
002OSD000000006U00387000,2019_06\2019-02 Zoomify Geo - Folder 2\OSDs TIFF Versions\002OSD000000006U00387000.tif,Stratford - Le - Bow,http://www.bl.uk/onlinegallery/onlineex/ordsurvdraw/s/002osd000000006u00387000.html
002OSD000000007U00038000,2019_06\2019-02 Zoomify Geo - Folder 2\OSDs TIFF Versions\002OSD000000007U00038000.tif,Sherborne,http://www.bl.uk/onlinegallery/onlineex/ordsurvdraw/s/002osd000000007u00038000.html
002OSD000000009U00121000,2019_06\2019-02 Zoomify Geo - Folder 2\OSDs TIFF Versions\002OSD000000009U00121000.tif,Swindon,http://www.bl.uk/onlinegallery/onlineex/ordsurvdraw/s/002osd000000009u00121000.html
002OSD000000011U00178000,2019_06\2019-02 Zoomify Geo - Folder 2\OSDs TIFF Versions\002OSD000000011U00178000.tif,Stourbridge,http://www.bl.uk/onlinegallery/onlineex/ordsurvdraw/s/002osd000000011u00178000.html
002OSD000000011U00181000,2019_06\2019-02 Zoomify Geo - Folder 2\OSDs TIFF Versions\002OSD000000011U00181000.tif,Stow-on-the-Wold,http://www.bl.uk/onlinegallery/onlineex/ordsurvdraw/s/002osd000000011u00181000.html
002OSD000000011U00185000,2019_06\2019-02 Zoomify Geo - Folder 2\OSDs TIFF Versions\002OSD000000011U00185000.tif,Shipston-on-Stour,http://www.bl.uk/onlinegallery/onlineex/ordsurvdraw/s/002osd000000011u00185000.html
002OSD000000012U00234000,2019_06\2019-02 Zoomify Geo - Folder 2\OSDs TIFF Versions\002OSD000000012U00234000.tif,Spalding,http://www.bl.uk/onlinegallery/onlineex/ordsurvdraw/s/002osd000000012u00234000.html
002OSD000000014U00300000,2019_06\2019-02 Zoomify Geo - Folder 2\OSDs TIFF Versions\002OSD000000014U00300000.tif,Sudbury Park,http://www.bl.uk/onlinegallery/onlineex/ordsurvdraw/s/002osd000000014u00300000.html
002OSD000000016U00349000,2019_06\2019-02 Zoomify Geo - Folder 2\OSDs TIFF Versions\002OSD000000016U00349000.tif,Sevenoaks (Kent) 16,http://www.bl.uk/onlinegallery/onlineex/ordsurvdraw/s/002osd000000016u00349000.html
002OSD000000017U00382000,2019_06\2019-02 Zoomify Geo - Folder 2\OSDs TIFF Versions\002OSD000000017U00382000.tif,"Sutton Valence, Kent",http://www.bl.uk/onlinegallery/onlineex/ordsurvdraw/s/002osd000000017u00382000.html
002OSD000000017U00383000,2019_06\2019-02 Zoomify Geo - Folder 2\OSDs TIFF Versions\002OSD000000017U00383000.tif,"Staplehurst, Kent",http://www.bl.uk/onlinegallery/onlineex/ordsurvdraw/s/002osd000000017u00383000.html
002OSD000000018U00005000,2019_06\2019-02 Zoomify Geo - Folder 2\OSDs TIFF Versions\002OSD000000018U00005000.tif,"St. Columb Major, Cornwall",http://www.bl.uk/onlinegallery/onlineex/ordsurvdraw/s/002osd000000018u00005000.html
002OSD000000018U00025000,2019_06\2019-02 Zoomify Geo - Folder 2\OSDs TIFF Versions\002OSD000000018U00025000.tif,"South Molton, Devon",http://www.bl.uk/onlinegallery/onlineex/ordsurvdraw/s/002osd000000018u00025000.html
002OSD000000019U00027000,2019_06\2019-02 Zoomify Geo - Folder 2\OSDs TIFF Versions\002OSD000000019U00027000.tif,South Molton,http://www.bl.uk/onlinegallery/onlineex/ordsurvdraw/s/002osd000000019u00027000.html
002OSD000000019U00043000,2019_06\2019-02 Zoomify Geo - Folder 2\OSDs TIFF Versions\002OSD000000019U00043000.tif,Shaftesbury,http://www.bl.uk/onlinegallery/onlineex/ordsurvdraw/s/002osd000000019u00043000.html
002OSD000000019U00052000,2019_06\2019-02 Zoomify Geo - Folder 2\OSDs TIFF Versions\002OSD000000019U00052000.tif,Salisbury,http://www.bl.uk/onlinegallery/onlineex/ordsurvdraw/s/002osd000000019u00052000.html
002osd000000020u00171000,2019_06\2019_06 Missing Dezoomify\002osd000000020_00171000.jpg,Stroud,http://www.bl.uk/onlinegallery/onlineex/ordsurvdraw/s/002osd000000020u00171000.html
002OSD000000021U00135000,2019_06\2019-02 Zoomify Geo - Folder 2\OSDs TIFF Versions\002OSD000000021U00135000.tif,Swansea,http://www.bl.uk/onlinegallery/onlineex/ordsurvdraw/s/002osd000000021u00135000.html
002OSD000000022U00188000,2019_06\2019-02 Zoomify Geo - Folder 2\OSDs TIFF Versions\002OSD000000022U00188000.tif,Stony Stratford,http://www.bl.uk/onlinegallery/onlineex/ordsurvdraw/s/002osd000000022u00188000.html
002OSD000000024U00217000,2019_06\2019-02 Zoomify Geo - Folder 2\OSDs TIFF Versions\002OSD000000024U00217000.tif,Sutton Coldfield,http://www.bl.uk/onlinegallery/onlineex/ordsurvdraw/s/002osd000000024u00217000.html
002OSD000000025U00269000,2019_06\2019-02 Zoomify Geo - Folder 2\OSDs TIFF Versions\002OSD000000025U00269000.tif,St. Asaph,http://www.bl.uk/onlinegallery/onlineex/ordsurvdraw/s/002osd000000025u00269000.html
002OSD000000026U00276000,2019_06\2019-02 Zoomify Geo - Folder 2\OSDs TIFF Versions\002OSD000000026U00276000.tif,Stow Market,http://www.bl.uk/onlinegallery/onlineex/ordsurvdraw/s/002osd000000026u00276000.html
002OSD000000026U00285000,2019_06\2019-02 Zoomify Geo - Folder 2\OSDs TIFF Versions\002OSD000000026U00285000.tif,Shrewsbury,http://www.bl.uk/onlinegallery/onlineex/ordsurvdraw/s/002osd000000026u00285000.html
002OSD00000027AU00421000,2019_06\2019-02 Zoomify Geo - Folder 2\OSDs TIFF Versions\002OSD00000027AU00421000.tif,Shanklin,http://www.bl.uk/onlinegallery/onlineex/ordsurvdraw/s/002osd00000027au00421000.html
002OSD00000027AU00422000,2019_06\2019-02 Zoomify Geo - Folder 2\OSDs TIFF Versions\002OSD00000027AU00422000.tif,St Helens 27A,http://www.bl.uk/onlinegallery/onlineex/ordsurvdraw/s/002osd00000027au00422000.html
002OSD00000027BU00435000,2019_06\2019-02 Zoomify Geo - Folder 2\OSDs TIFF Versions\002OSD00000027BU00435000.tif,"Sittingbourne, Kent",http://www.bl.uk/onlinegallery/onlineex/ordsurvdraw/s/002osd00000027bu00435000.html
002OSD00000027BU00445000,2019_06\2019-02 Zoomify Geo - Folder 2\OSDs TIFF Versions\002OSD00000027BU00445000.tif,Snodland (Kent),http://www.bl.uk/onlinegallery/onlineex/ordsurvdraw/s/002osd00000027bu00445000.html
002OSD000000001U00020000,2019_06\2019-02 Zoomify Geo - Folder 2\OSDs TIFF Versions\002OSD000000001U00020000.tif,Tavistock,http://www.bl.uk/onlinegallery/onlineex/ordsurvdraw/t/002osd000000001u00020000.html
002OSD000000003U00177000,2019_06\2019-02 Zoomify Geo - Folder 2\OSDs TIFF Versions\002OSD000000003U00177000.tif,Tardebigge,http://www.bl.uk/onlinegallery/onlineex/ordsurvdraw/t/002osd000000003u00177000.html
002OSD000000004U00303000,2019_06\2019-02 Zoomify Geo - Folder 2\OSDs TIFF Versions\002OSD000000004U00303000.tif,Tarranon [Trannon],http://www.bl.uk/onlinegallery/onlineex/ordsurvdraw/t/002osd000000004u00303000.html
002OSD000000005U00324000,2019_06\2019-02 Zoomify Geo - Folder 2\OSDs TIFF Versions\002OSD000000005U00324000.tif,"Torbay, Devon",http://www.bl.uk/onlinegallery/onlineex/ordsurvdraw/t/002osd000000005u00324000.html
002OSD000000005U00352000,2019_06\2019-02 Zoomify Geo - Folder 2\Collection British FDRIVE One Standardised 002-003\002OSD000000005U00352000.tif,Tonbridge (Kent)(002OSD000000005U00352000),http://www.bl.uk/onlinegallery/onlineex/ordsurvdraw/t/002osd000000005u00352000.html
002OSD000000013U00258000,2019_06\2019-02 Zoomify Geo - Folder 2\OSDs TIFF Versions\002OSD000000013U00258000.tif,Derby 13,http://www.bl.uk/onlinegallery/onlineex/ordsurvdraw/t/002osd000000005u00354000.html
002OSD000000005U00354000,2019_06\2019-02 Zoomify Geo - Folder 2\Collection British FDRIVE One Standardised 002-003\002OSD000000005U00354000.tif,Tonbridge (Kent)(002OSD000000005U00354000),http://www.bl.uk/onlinegallery/onlineex/ordsurvdraw/t/002osd000000005u00354000.html
002OSD000000009U00107000,2019_06\2019-02 Zoomify Geo - Folder 2\OSDs TIFF Versions\002OSD000000009U00107000.tif,Tring,http://www.bl.uk/onlinegallery/onlineex/ordsurvdraw/t/002osd000000009u00107000.html
002OSD000000010U00129000,2019_06\2019-02 Zoomify Geo - Folder 2\OSDs TIFF Versions\002OSD000000010U00129000.tif,Tewkesbury,http://www.bl.uk/onlinegallery/onlineex/ordsurvdraw/t/002osd000000010u00129000.html
002OSD000000013U00241000,2019_06\2019-02 Zoomify Geo - Folder 2\OSDs TIFF Versions\002OSD000000013U00241000.tif,Timberland,http://www.bl.uk/onlinegallery/onlineex/ordsurvdraw/t/002osd000000013u00241000.html
002OSD000000013U00242000,2019_06\2019-02 Zoomify Geo - Folder 2\OSDs TIFF Versions\002OSD000000013U00242000.tif,Tattershall(002OSD000000013U00242000),http://www.bl.uk/onlinegallery/onlineex/ordsurvdraw/t/002osd000000013u00242000.html
002OSD000000013U00243000,2019_06\2019-02 Zoomify Geo - Folder 2\OSDs TIFF Versions\002OSD000000013U00243000.tif,Tattershall(002OSD000000013U00243000),http://www.bl.uk/onlinegallery/onlineex/ordsurvdraw/t/002osd000000013u00243000.html
002OSD000000013U00261000,2019_06\2019-02 Zoomify Geo - Folder 2\OSDs TIFF Versions\002OSD000000013U00261000.tif,Tremadoc,http://www.bl.uk/onlinegallery/onlineex/ordsurvdraw/t/002osd000000013u00261000.html
002OSD000000014U00307000,2019_06\2019-02 Zoomify Geo - Folder 2\OSDs TIFF Versions\002OSD000000014U00307000.tif,Towyn,http://www.bl.uk/onlinegallery/onlineex/ordsurvdraw/t/002osd000000014u00307000.html
002OSD000000016U00330000,2019_06\2019-02 Zoomify Geo - Folder 2\OSDs TIFF Versions\002OSD000000016U00330000.tif,"Tiverton, Devon",http://www.bl.uk/onlinegallery/onlineex/ordsurvdraw/t/002osd000000016u00330000.html
002OSD000000016U00337000,2019_06\2019-02 Zoomify Geo - Folder 2\OSDs TIFF Versions\002OSD000000016U00337000.tif,Taunton,http://www.bl.uk/onlinegallery/onlineex/ordsurvdraw/t/002osd000000016u00337000.html
002OSD000000016U00357000,2019_06\2019-02 Zoomify Geo - Folder 2\OSDs TIFF Versions\002OSD000000016U00357000.tif,Tunbridge Wells (Kent),http://www.bl.uk/onlinegallery/onlineex/ordsurvdraw/t/002osd000000016u00357000.html
002OSD000000021U00138000,2019_06\2019-02 Zoomify Geo - Folder 2\OSDs TIFF Versions\002OSD000000021U00138000.tif,Tenby,http://www.bl.uk/onlinegallery/onlineex/ordsurvdraw/t/002osd000000021u00138000.html
002OSD000000022U00187000,2019_06\2019-02 Zoomify Geo - Folder 2\OSDs TIFF Versions\002OSD000000022U00187000.tif,Towcester,http://www.bl.uk/onlinegallery/onlineex/ordsurvdraw/t/002osd000000022u00187000.html
0020SD000000009U00105000,2019_06\2019-02 Zoomify Geo - Folder 2\Collection British FDRIVE One Standardised 002-001\0020SD000000009U00105000.tif,"Uxbridge, Windsor",http://www.bl.uk/onlinegallery/onlineex/ordsurvdraw/u/0020sd000000009u00105000.html
002OSD000000003U00161000,2019_06\2019-02 Zoomify Geo - Folder 2\OSDs TIFF Versions\002OSD000000003U00161000.tif,Usk(002OSD000000003U00161000),http://www.bl.uk/onlinegallery/onlineex/ordsurvdraw/u/002osd000000003u00161000.html
002OSD000000003U00162000,2019_06\2019-02 Zoomify Geo - Folder 2\OSDs TIFF Versions\002OSD000000003U00162000.tif,Usk(002OSD000000003U00162000),http://www.bl.uk/onlinegallery/onlineex/ordsurvdraw/u/002osd000000003u00162000.html
002OSD000000002U00092000,2019_06\2019-02 Zoomify Geo - Folder 2\OSDs TIFF Versions\002OSD000000002U00092000.tif,Ware 2,http://www.bl.uk/onlinegallery/onlineex/ordsurvdraw/w/002osd000000002u00092000.html
002OSD000000002U00109000,2019_06\2019-02 Zoomify Geo - Folder 2\Collection British FDRIVE One Standardised 002-001\002OSD000000002U00109000.tif,Worminghall,http://www.bl.uk/onlinegallery/onlineex/ordsurvdraw/w/002osd000000002u00109000.html
002OSD000000004U00301000,2019_06\2019-02 Zoomify Geo - Folder 2\OSDs TIFF Versions\002OSD000000004U00301000.tif,Wynnstay Arms,http://www.bl.uk/onlinegallery/onlineex/ordsurvdraw/w/002osd000000004u00301000.html
002OSD000000006U00386000,2019_06\2019-02 Zoomify Geo - Folder 2\OSDs TIFF Versions\002OSD000000006U00386000.tif,Woolwich,http://www.bl.uk/onlinegallery/onlineex/ordsurvdraw/w/002osd000000006u00386000.html
002OSD000000007U00036000,2019_06\2019-02 Zoomify Geo - Folder 2\OSDs TIFF Versions\002OSD000000007U00036000.tif,Wincanton,http://www.bl.uk/onlinegallery/onlineex/ordsurvdraw/w/002osd000000007u00036000.html
002OSD000000007U00041000,2019_06\2019-02 Zoomify Geo - Folder 2\OSDs TIFF Versions\002OSD000000007U00041000.tif,Weymouth,http://www.bl.uk/onlinegallery/onlineex/ordsurvdraw/w/002osd000000007u00041000.html
002OSD000000007U00047000,2019_06\2019-02 Zoomify Geo - Folder 2\OSDs TIFF Versions\002OSD000000007U00047000.tif,Wilcot,http://www.bl.uk/onlinegallery/onlineex/ordsurvdraw/w/002osd000000007u00047000.html
002OSD000000008U00069000,2019_06\2019-02 Zoomify Geo - Folder 2\OSDs TIFF Versions\002OSD000000008U00069000.tif,West Grinstead,http://www.bl.uk/onlinegallery/onlineex/ordsurvdraw/w/002osd000000008u00069000.html
002OSD000000008U00091000,2019_06\2019-02 Zoomify Geo - Folder 2\OSDs TIFF Versions\002OSD000000008U00091000.tif,Witham,http://www.bl.uk/onlinegallery/onlineex/ordsurvdraw/w/002osd000000008u00091000.html
002OSD000000009U00113000,2019_06\2019-02 Zoomify Geo - Folder 2\OSDs TIFF Versions\002OSD000000009U00113000.tif,Wantage,http://www.bl.uk/onlinegallery/onlineex/ordsurvdraw/w/002osd000000009u00113000.html
002OSD000000009U00115000,2019_06\2019-02 Zoomify Geo - Folder 2\OSDs TIFF Versions\002OSD000000009U00115000.tif,Woodstock,http://www.bl.uk/onlinegallery/onlineex/ordsurvdraw/w/002osd000000009u00115000.html
002OSD000000010U00160000,2019_06\2019-02 Zoomify Geo - Folder 2\OSDs TIFF Versions\002OSD000000010U00160000.tif,Weobly,http://www.bl.uk/onlinegallery/onlineex/ordsurvdraw/w/002osd000000010u00160000.html
002OSD000000010U00171000,2019_06\2019-02 Zoomify Geo - Folder 2\OSDs TIFF Versions\002OSD000000010U00171000.tif,Wolverhampton 10,http://www.bl.uk/onlinegallery/onlineex/ordsurvdraw/w/002osd000000010u00171000.html
002OSD000000011U00174000,2019_06\2019-02 Zoomify Geo - Folder 2\OSDs TIFF Versions\002OSD000000011U00174000.tif,Worcester,http://www.bl.uk/onlinegallery/onlineex/ordsurvdraw/w/002osd000000011u00174000.html
002OSD000000011U00190000,2019_06\2019-02 Zoomify Geo - Folder 2\OSDs TIFF Versions\002OSD000000011U00190000.tif,Winslow,http://www.bl.uk/onlinegallery/onlineex/ordsurvdraw/w/002osd000000011u00190000.html
002OSD000000011U00208000,2019_06\2019-02 Zoomify Geo - Folder 2\OSDs TIFF Versions\002OSD000000011U00208000.tif,Wisbech,http://www.bl.uk/onlinegallery/onlineex/ordsurvdraw/w/002osd000000011u00208000.html
002OSD000000012U00215000,2019_06\2019-02 Zoomify Geo - Folder 2\OSDs TIFF Versions\002OSD000000012U00215000.tif,Warwick,http://www.bl.uk/onlinegallery/onlineex/ordsurvdraw/w/002osd000000012u00215000.html
002OSD000000012U00221000,2019_06\2019-02 Zoomify Geo - Folder 2\OSDs TIFF Versions\002OSD000000012U00221000.tif,Welford,http://www.bl.uk/onlinegallery/onlineex/ordsurvdraw/w/002osd000000012u00221000.html
002OSD000000014U00291000,2019_06\2019-02 Zoomify Geo - Folder 2\OSDs TIFF Versions\002OSD000000014U00291000.tif,Wem,http://www.bl.uk/onlinegallery/onlineex/ordsurvdraw/w/002osd000000014u00291000.html
002OSD000000017U00342000,2019_06\2019-02 Zoomify Geo - Folder 2\OSDs TIFF Versions\002OSD000000017U00342000.tif,Wick St. Lawrence,http://www.bl.uk/onlinegallery/onlineex/ordsurvdraw/w/002osd000000017u00342000.html
002OSD000000019U00048000,2019_06\2019-02 Zoomify Geo - Folder 2\OSDs TIFF Versions\002OSD000000019U00048000.tif,Warminster,http://www.bl.uk/onlinegallery/onlineex/ordsurvdraw/w/002osd000000019u00048000.html
002OSD000000020U00110000,2019_06\2019-02 Zoomify Geo - Folder 2\OSDs TIFF Versions\002OSD000000020U00110000.tif,Wallingford,http://www.bl.uk/onlinegallery/onlineex/ordsurvdraw/w/002osd000000020u00110000.html
002OSD000000023U00191000,2019_06\2019-02 Zoomify Geo - Folder 2\OSDs TIFF Versions\002OSD000000023U00191000.tif,Woburn,http://www.bl.uk/onlinegallery/onlineex/ordsurvdraw/w/002osd000000023u00191000.html
002OSD000000023U00205000,2019_06\2019-02 Zoomify Geo - Folder 2\OSDs TIFF Versions\002OSD000000023U00205000.tif,Wells,http://www.bl.uk/onlinegallery/onlineex/ordsurvdraw/w/002osd000000023u00205000.html
002OSD000000024U00212000,2019_06\2019-02 Zoomify Geo - Folder 2\OSDs TIFF Versions\002OSD000000024U00212000.tif,Wellingborough,http://www.bl.uk/onlinegallery/onlineex/ordsurvdraw/w/002osd000000024u00212000.html
002OSD000000024U00231000,2019_06\2019-02 Zoomify Geo - Folder 2\OSDs TIFF Versions\002OSD000000024U00231000.tif,Whittlesea,http://www.bl.uk/onlinegallery/onlineex/ordsurvdraw/w/002osd000000024u00231000.html
002OSD000000023U00202000,2019_06\2019-02 Zoomify Geo - Folder 2\OSDs TIFF Versions\002OSD000000023U00202000.tif,Yarmouth 23,http://www.bl.uk/onlinegallery/onlineex/ordsurvdraw/y/002osd000000023u00202000.html
002OSD00000027AU00424OOO,2019_06\2019-02 Zoomify Geo - Folder 2\OSDs TIFF Versions\002OSD00000027AU00424000.tif,Yarmouth 27A,http://www.bl.uk/onlinegallery/onlineex/ordsurvdraw/y/002osd00000027au00424ooo.html
